--
-- PostgreSQL database dump
--

-- Dumped from database version 15.3
-- Dumped by pg_dump version 15.3

SET statement_timeout = 0;
SET lock_timeout = 0;
SET idle_in_transaction_session_timeout = 0;
SET client_encoding = 'UTF8';
SET standard_conforming_strings = on;
SELECT pg_catalog.set_config('search_path', '', false);
SET check_function_bodies = false;
SET xmloption = content;
SET client_min_messages = warning;
SET row_security = off;

SET default_tablespace = '';

SET default_table_access_method = heap;

--
-- Name: auth_group; Type: TABLE; Schema: public; Owner: postgres
--

CREATE TABLE public.auth_group (
    id integer NOT NULL,
    name character varying(150) NOT NULL
);


ALTER TABLE public.auth_group OWNER TO postgres;

--
-- Name: auth_group_id_seq; Type: SEQUENCE; Schema: public; Owner: postgres
--

ALTER TABLE public.auth_group ALTER COLUMN id ADD GENERATED BY DEFAULT AS IDENTITY (
    SEQUENCE NAME public.auth_group_id_seq
    START WITH 1
    INCREMENT BY 1
    NO MINVALUE
    NO MAXVALUE
    CACHE 1
);


--
-- Name: auth_group_permissions; Type: TABLE; Schema: public; Owner: postgres
--

CREATE TABLE public.auth_group_permissions (
    id bigint NOT NULL,
    group_id integer NOT NULL,
    permission_id integer NOT NULL
);


ALTER TABLE public.auth_group_permissions OWNER TO postgres;

--
-- Name: auth_group_permissions_id_seq; Type: SEQUENCE; Schema: public; Owner: postgres
--

ALTER TABLE public.auth_group_permissions ALTER COLUMN id ADD GENERATED BY DEFAULT AS IDENTITY (
    SEQUENCE NAME public.auth_group_permissions_id_seq
    START WITH 1
    INCREMENT BY 1
    NO MINVALUE
    NO MAXVALUE
    CACHE 1
);


--
-- Name: auth_permission; Type: TABLE; Schema: public; Owner: postgres
--

CREATE TABLE public.auth_permission (
    id integer NOT NULL,
    name character varying(255) NOT NULL,
    content_type_id integer NOT NULL,
    codename character varying(100) NOT NULL
);


ALTER TABLE public.auth_permission OWNER TO postgres;

--
-- Name: auth_permission_id_seq; Type: SEQUENCE; Schema: public; Owner: postgres
--

ALTER TABLE public.auth_permission ALTER COLUMN id ADD GENERATED BY DEFAULT AS IDENTITY (
    SEQUENCE NAME public.auth_permission_id_seq
    START WITH 1
    INCREMENT BY 1
    NO MINVALUE
    NO MAXVALUE
    CACHE 1
);


--
-- Name: chat_chatmessage; Type: TABLE; Schema: public; Owner: postgres
--

CREATE TABLE public.chat_chatmessage (
    id bigint NOT NULL,
    room_name character varying(255) NOT NULL,
    message text NOT NULL,
    "timestamp" timestamp with time zone NOT NULL,
    sender_id bigint NOT NULL,
    type character varying(10) NOT NULL,
    image character varying(100) NOT NULL,
    media_file character varying(100) NOT NULL
);


ALTER TABLE public.chat_chatmessage OWNER TO postgres;

--
-- Name: chat_chatmessage_id_seq; Type: SEQUENCE; Schema: public; Owner: postgres
--

ALTER TABLE public.chat_chatmessage ALTER COLUMN id ADD GENERATED BY DEFAULT AS IDENTITY (
    SEQUENCE NAME public.chat_chatmessage_id_seq
    START WITH 1
    INCREMENT BY 1
    NO MINVALUE
    NO MAXVALUE
    CACHE 1
);


--
-- Name: chat_notification; Type: TABLE; Schema: public; Owner: postgres
--

CREATE TABLE public.chat_notification (
    id bigint NOT NULL,
    message text NOT NULL,
    "timestamp" timestamp with time zone NOT NULL,
    recipient_id bigint NOT NULL,
    sender_id bigint,
    seen boolean NOT NULL
);


ALTER TABLE public.chat_notification OWNER TO postgres;

--
-- Name: chat_notification_id_seq; Type: SEQUENCE; Schema: public; Owner: postgres
--

ALTER TABLE public.chat_notification ALTER COLUMN id ADD GENERATED BY DEFAULT AS IDENTITY (
    SEQUENCE NAME public.chat_notification_id_seq
    START WITH 1
    INCREMENT BY 1
    NO MINVALUE
    NO MAXVALUE
    CACHE 1
);


--
-- Name: django_admin_log; Type: TABLE; Schema: public; Owner: postgres
--

CREATE TABLE public.django_admin_log (
    id integer NOT NULL,
    action_time timestamp with time zone NOT NULL,
    object_id text,
    object_repr character varying(200) NOT NULL,
    action_flag smallint NOT NULL,
    change_message text NOT NULL,
    content_type_id integer,
    user_id bigint NOT NULL,
    CONSTRAINT django_admin_log_action_flag_check CHECK ((action_flag >= 0))
);


ALTER TABLE public.django_admin_log OWNER TO postgres;

--
-- Name: django_admin_log_id_seq; Type: SEQUENCE; Schema: public; Owner: postgres
--

ALTER TABLE public.django_admin_log ALTER COLUMN id ADD GENERATED BY DEFAULT AS IDENTITY (
    SEQUENCE NAME public.django_admin_log_id_seq
    START WITH 1
    INCREMENT BY 1
    NO MINVALUE
    NO MAXVALUE
    CACHE 1
);


--
-- Name: django_content_type; Type: TABLE; Schema: public; Owner: postgres
--

CREATE TABLE public.django_content_type (
    id integer NOT NULL,
    app_label character varying(100) NOT NULL,
    model character varying(100) NOT NULL
);


ALTER TABLE public.django_content_type OWNER TO postgres;

--
-- Name: django_content_type_id_seq; Type: SEQUENCE; Schema: public; Owner: postgres
--

ALTER TABLE public.django_content_type ALTER COLUMN id ADD GENERATED BY DEFAULT AS IDENTITY (
    SEQUENCE NAME public.django_content_type_id_seq
    START WITH 1
    INCREMENT BY 1
    NO MINVALUE
    NO MAXVALUE
    CACHE 1
);


--
-- Name: django_migrations; Type: TABLE; Schema: public; Owner: postgres
--

CREATE TABLE public.django_migrations (
    id bigint NOT NULL,
    app character varying(255) NOT NULL,
    name character varying(255) NOT NULL,
    applied timestamp with time zone NOT NULL
);


ALTER TABLE public.django_migrations OWNER TO postgres;

--
-- Name: django_migrations_id_seq; Type: SEQUENCE; Schema: public; Owner: postgres
--

ALTER TABLE public.django_migrations ALTER COLUMN id ADD GENERATED BY DEFAULT AS IDENTITY (
    SEQUENCE NAME public.django_migrations_id_seq
    START WITH 1
    INCREMENT BY 1
    NO MINVALUE
    NO MAXVALUE
    CACHE 1
);


--
-- Name: django_session; Type: TABLE; Schema: public; Owner: postgres
--

CREATE TABLE public.django_session (
    session_key character varying(40) NOT NULL,
    session_data text NOT NULL,
    expire_date timestamp with time zone NOT NULL
);


ALTER TABLE public.django_session OWNER TO postgres;

--
-- Name: fitness_program_fitnessprogram; Type: TABLE; Schema: public; Owner: postgres
--

CREATE TABLE public.fitness_program_fitnessprogram (
    id bigint NOT NULL,
    program_name character varying(255) NOT NULL,
    description text NOT NULL,
    duration integer NOT NULL,
    created_on timestamp with time zone NOT NULL,
    updated_on timestamp with time zone NOT NULL,
    cover_image character varying(100),
    category character varying(50) NOT NULL,
    trainer_id bigint NOT NULL,
    level character varying(50) NOT NULL,
    price integer NOT NULL,
    is_published boolean NOT NULL,
    CONSTRAINT fitness_program_fitnessprogram_duration_check CHECK ((duration >= 0)),
    CONSTRAINT fitness_program_fitnessprogram_price_check CHECK ((price >= 0))
);


ALTER TABLE public.fitness_program_fitnessprogram OWNER TO postgres;

--
-- Name: fitness_program_fitnessprogram_id_seq; Type: SEQUENCE; Schema: public; Owner: postgres
--

ALTER TABLE public.fitness_program_fitnessprogram ALTER COLUMN id ADD GENERATED BY DEFAULT AS IDENTITY (
    SEQUENCE NAME public.fitness_program_fitnessprogram_id_seq
    START WITH 1
    INCREMENT BY 1
    NO MINVALUE
    NO MAXVALUE
    CACHE 1
);


--
-- Name: fitness_program_lesson; Type: TABLE; Schema: public; Owner: postgres
--

CREATE TABLE public.fitness_program_lesson (
    id bigint NOT NULL,
    title character varying(255) NOT NULL,
    image character varying(100),
    description text NOT NULL,
    video_url character varying(200) NOT NULL,
    created_at timestamp with time zone NOT NULL,
    updated_at timestamp with time zone NOT NULL,
    program_id bigint,
    lesson_number character varying NOT NULL
);


ALTER TABLE public.fitness_program_lesson OWNER TO postgres;

--
-- Name: fitness_program_lesson_id_seq; Type: SEQUENCE; Schema: public; Owner: postgres
--

ALTER TABLE public.fitness_program_lesson ALTER COLUMN id ADD GENERATED BY DEFAULT AS IDENTITY (
    SEQUENCE NAME public.fitness_program_lesson_id_seq
    START WITH 1
    INCREMENT BY 1
    NO MINVALUE
    NO MAXVALUE
    CACHE 1
);


--
-- Name: fitness_program_progress; Type: TABLE; Schema: public; Owner: postgres
--

CREATE TABLE public.fitness_program_progress (
    id bigint NOT NULL,
    updated_at timestamp with time zone NOT NULL,
    is_completed boolean NOT NULL,
    current_lesson_id bigint NOT NULL,
    program_id bigint NOT NULL,
    user_id bigint NOT NULL
);


ALTER TABLE public.fitness_program_progress OWNER TO postgres;

--
-- Name: fitness_program_progress_id_seq; Type: SEQUENCE; Schema: public; Owner: postgres
--

ALTER TABLE public.fitness_program_progress ALTER COLUMN id ADD GENERATED BY DEFAULT AS IDENTITY (
    SEQUENCE NAME public.fitness_program_progress_id_seq
    START WITH 1
    INCREMENT BY 1
    NO MINVALUE
    NO MAXVALUE
    CACHE 1
);


--
-- Name: fitness_program_publishrequest; Type: TABLE; Schema: public; Owner: postgres
--

CREATE TABLE public.fitness_program_publishrequest (
    id bigint NOT NULL,
    created_at timestamp with time zone NOT NULL,
    approved boolean NOT NULL,
    sender_id bigint NOT NULL
);


ALTER TABLE public.fitness_program_publishrequest OWNER TO postgres;

--
-- Name: fitness_program_publishrequest_id_seq; Type: SEQUENCE; Schema: public; Owner: postgres
--

ALTER TABLE public.fitness_program_publishrequest ALTER COLUMN id ADD GENERATED BY DEFAULT AS IDENTITY (
    SEQUENCE NAME public.fitness_program_publishrequest_id_seq
    START WITH 1
    INCREMENT BY 1
    NO MINVALUE
    NO MAXVALUE
    CACHE 1
);


--
-- Name: trainer_trainer_profile; Type: TABLE; Schema: public; Owner: postgres
--

CREATE TABLE public.trainer_trainer_profile (
    id bigint NOT NULL,
    specalized character varying(50) NOT NULL,
    phone character varying(50),
    about character varying(700),
    certifications character varying(255),
    experience_years integer,
    rating numeric(3,2),
    user_id bigint,
    country character varying(50),
    profile_picture character varying(100),
    CONSTRAINT trainer_trainer_profile_experience_years_check CHECK ((experience_years >= 0))
);


ALTER TABLE public.trainer_trainer_profile OWNER TO postgres;

--
-- Name: trainer_trainer_profile_id_seq; Type: SEQUENCE; Schema: public; Owner: postgres
--

ALTER TABLE public.trainer_trainer_profile ALTER COLUMN id ADD GENERATED BY DEFAULT AS IDENTITY (
    SEQUENCE NAME public.trainer_trainer_profile_id_seq
    START WITH 1
    INCREMENT BY 1
    NO MINVALUE
    NO MAXVALUE
    CACHE 1
);


--
-- Name: user_followedprograms; Type: TABLE; Schema: public; Owner: postgres
--

CREATE TABLE public.user_followedprograms (
    id bigint NOT NULL,
    user_id bigint NOT NULL,
    created_on date NOT NULL,
    status character varying(50) NOT NULL
);


ALTER TABLE public.user_followedprograms OWNER TO postgres;

--
-- Name: user_followedprograms_id_seq; Type: SEQUENCE; Schema: public; Owner: postgres
--

ALTER TABLE public.user_followedprograms ALTER COLUMN id ADD GENERATED BY DEFAULT AS IDENTITY (
    SEQUENCE NAME public.user_followedprograms_id_seq
    START WITH 1
    INCREMENT BY 1
    NO MINVALUE
    NO MAXVALUE
    CACHE 1
);


--
-- Name: user_followedprograms_program; Type: TABLE; Schema: public; Owner: postgres
--

CREATE TABLE public.user_followedprograms_program (
    id bigint NOT NULL,
    followedprograms_id bigint NOT NULL,
    fitnessprogram_id bigint NOT NULL
);


ALTER TABLE public.user_followedprograms_program OWNER TO postgres;

--
-- Name: user_followedprograms_program_id_seq; Type: SEQUENCE; Schema: public; Owner: postgres
--

ALTER TABLE public.user_followedprograms_program ALTER COLUMN id ADD GENERATED BY DEFAULT AS IDENTITY (
    SEQUENCE NAME public.user_followedprograms_program_id_seq
    START WITH 1
    INCREMENT BY 1
    NO MINVALUE
    NO MAXVALUE
    CACHE 1
);


--
-- Name: user_profile; Type: TABLE; Schema: public; Owner: postgres
--

CREATE TABLE public.user_profile (
    id bigint NOT NULL,
    height double precision,
    weight double precision,
    age integer,
    body_fat double precision,
    phone character varying(50),
    user_id bigint,
    online_user_ids jsonb NOT NULL,
    CONSTRAINT user_profile_age_e7b63088_check CHECK ((age >= 0))
);


ALTER TABLE public.user_profile OWNER TO postgres;

--
-- Name: user_profile_id_seq; Type: SEQUENCE; Schema: public; Owner: postgres
--

ALTER TABLE public.user_profile ALTER COLUMN id ADD GENERATED BY DEFAULT AS IDENTITY (
    SEQUENCE NAME public.user_profile_id_seq
    START WITH 1
    INCREMENT BY 1
    NO MINVALUE
    NO MAXVALUE
    CACHE 1
);


--
-- Name: user_useraccount; Type: TABLE; Schema: public; Owner: postgres
--

CREATE TABLE public.user_useraccount (
    id bigint NOT NULL,
    password character varying(128) NOT NULL,
    last_login timestamp with time zone,
    is_superuser boolean NOT NULL,
    first_name character varying(255) NOT NULL,
    last_name character varying(255) NOT NULL,
    email character varying(255) NOT NULL,
    is_active boolean NOT NULL,
    is_staff boolean NOT NULL,
    profile_picture character varying(100),
    created_at timestamp with time zone NOT NULL,
    is_verified boolean NOT NULL,
    updated_at timestamp with time zone NOT NULL,
    is_trainer boolean NOT NULL,
    logged_in boolean NOT NULL,
    blocked boolean NOT NULL
);


ALTER TABLE public.user_useraccount OWNER TO postgres;

--
-- Name: user_useraccount_groups; Type: TABLE; Schema: public; Owner: postgres
--

CREATE TABLE public.user_useraccount_groups (
    id bigint NOT NULL,
    useraccount_id bigint NOT NULL,
    group_id integer NOT NULL
);


ALTER TABLE public.user_useraccount_groups OWNER TO postgres;

--
-- Name: user_useraccount_groups_id_seq; Type: SEQUENCE; Schema: public; Owner: postgres
--

ALTER TABLE public.user_useraccount_groups ALTER COLUMN id ADD GENERATED BY DEFAULT AS IDENTITY (
    SEQUENCE NAME public.user_useraccount_groups_id_seq
    START WITH 1
    INCREMENT BY 1
    NO MINVALUE
    NO MAXVALUE
    CACHE 1
);


--
-- Name: user_useraccount_id_seq; Type: SEQUENCE; Schema: public; Owner: postgres
--

ALTER TABLE public.user_useraccount ALTER COLUMN id ADD GENERATED BY DEFAULT AS IDENTITY (
    SEQUENCE NAME public.user_useraccount_id_seq
    START WITH 1
    INCREMENT BY 1
    NO MINVALUE
    NO MAXVALUE
    CACHE 1
);


--
-- Name: user_useraccount_user_permissions; Type: TABLE; Schema: public; Owner: postgres
--

CREATE TABLE public.user_useraccount_user_permissions (
    id bigint NOT NULL,
    useraccount_id bigint NOT NULL,
    permission_id integer NOT NULL
);


ALTER TABLE public.user_useraccount_user_permissions OWNER TO postgres;

--
-- Name: user_useraccount_user_permissions_id_seq; Type: SEQUENCE; Schema: public; Owner: postgres
--

ALTER TABLE public.user_useraccount_user_permissions ALTER COLUMN id ADD GENERATED BY DEFAULT AS IDENTITY (
    SEQUENCE NAME public.user_useraccount_user_permissions_id_seq
    START WITH 1
    INCREMENT BY 1
    NO MINVALUE
    NO MAXVALUE
    CACHE 1
);


--
-- Data for Name: auth_group; Type: TABLE DATA; Schema: public; Owner: postgres
--

COPY public.auth_group (id, name) FROM stdin;
\.


--
-- Data for Name: auth_group_permissions; Type: TABLE DATA; Schema: public; Owner: postgres
--

COPY public.auth_group_permissions (id, group_id, permission_id) FROM stdin;
\.


--
-- Data for Name: auth_permission; Type: TABLE DATA; Schema: public; Owner: postgres
--

COPY public.auth_permission (id, name, content_type_id, codename) FROM stdin;
1	Can add log entry	1	add_logentry
2	Can change log entry	1	change_logentry
3	Can delete log entry	1	delete_logentry
4	Can view log entry	1	view_logentry
5	Can add permission	2	add_permission
6	Can change permission	2	change_permission
7	Can delete permission	2	delete_permission
8	Can view permission	2	view_permission
9	Can add group	3	add_group
10	Can change group	3	change_group
11	Can delete group	3	delete_group
12	Can view group	3	view_group
13	Can add content type	4	add_contenttype
14	Can change content type	4	change_contenttype
15	Can delete content type	4	delete_contenttype
16	Can view content type	4	view_contenttype
17	Can add session	5	add_session
18	Can change session	5	change_session
19	Can delete session	5	delete_session
20	Can view session	5	view_session
21	Can add user account	6	add_useraccount
22	Can change user account	6	change_useraccount
23	Can delete user account	6	delete_useraccount
24	Can view user account	6	view_useraccount
25	Can add profile	7	add_profile
26	Can change profile	7	change_profile
27	Can delete profile	7	delete_profile
28	Can view profile	7	view_profile
29	Can add trainer_profile	8	add_trainer_profile
30	Can change trainer_profile	8	change_trainer_profile
31	Can delete trainer_profile	8	delete_trainer_profile
32	Can view trainer_profile	8	view_trainer_profile
33	Can add fitness program	9	add_fitnessprogram
34	Can change fitness program	9	change_fitnessprogram
35	Can delete fitness program	9	delete_fitnessprogram
36	Can view fitness program	9	view_fitnessprogram
37	Can add lesson	10	add_lesson
38	Can change lesson	10	change_lesson
39	Can delete lesson	10	delete_lesson
40	Can view lesson	10	view_lesson
41	Can add followed programs	11	add_followedprograms
42	Can change followed programs	11	change_followedprograms
43	Can delete followed programs	11	delete_followedprograms
44	Can view followed programs	11	view_followedprograms
45	Can add chat message	12	add_chatmessage
46	Can change chat message	12	change_chatmessage
47	Can delete chat message	12	delete_chatmessage
48	Can view chat message	12	view_chatmessage
49	Can add notification	13	add_notification
50	Can change notification	13	change_notification
51	Can delete notification	13	delete_notification
52	Can view notification	13	view_notification
53	Can add program followers	14	add_programfollowers
54	Can change program followers	14	change_programfollowers
55	Can delete program followers	14	delete_programfollowers
56	Can view program followers	14	view_programfollowers
57	Can add publish request	15	add_publishrequest
58	Can change publish request	15	change_publishrequest
59	Can delete publish request	15	delete_publishrequest
60	Can view publish request	15	view_publishrequest
61	Can add progress	16	add_progress
62	Can change progress	16	change_progress
63	Can delete progress	16	delete_progress
64	Can view progress	16	view_progress
\.


--
-- Data for Name: chat_chatmessage; Type: TABLE DATA; Schema: public; Owner: postgres
--

COPY public.chat_chatmessage (id, room_name, message, "timestamp", sender_id, type, image, media_file) FROM stdin;
12	chat11727	hello	2024-05-06 19:56:11.81162+05:30	27			
13	chat11727	hai whats up	2024-05-06 19:56:18.063308+05:30	117			
14	chat11727	nothing much	2024-05-06 19:56:23.249653+05:30	27			
15	chat11727	just checking in	2024-05-06 19:56:28.656773+05:30	27			
16	chat11727	we should meet soon	2024-05-06 19:56:43.189243+05:30	117			
17	chat11727	i agree	2024-05-06 19:56:49.187858+05:30	27			
18	chat11727	lets go to a movie this evening	2024-05-06 19:57:16.044404+05:30	117			
19	chat11727	pick you up at 8	2024-05-06 19:57:25.294142+05:30	27			
20	chat11727	done	2024-05-06 19:57:29.304895+05:30	117			
21	chat11727	bye	2024-05-06 19:57:32.292143+05:30	27			
22	chat11727	ok bye	2024-05-06 19:57:38.930136+05:30	117			
23	chat11727	hU	2024-05-06 20:42:56.996654+05:30	27			
24	chat11727	CZX	2024-05-06 20:43:06.651568+05:30	27			
25	chat11727	XZZZZZX	2024-05-06 20:43:16.261121+05:30	117			
26	chat11727	CXZC	2024-05-06 20:43:30.0784+05:30	117			
27	chat11727	hekko	2024-05-06 20:50:43.667314+05:30	27			
28	chat11727	hai	2024-05-06 20:50:58.3594+05:30	117			
29	chat11727	are you receiving me 	2024-05-06 20:51:13.078137+05:30	27			
30	chat11727	i cannot see any messages	2024-05-06 20:51:26.795255+05:30	117			
31	chat11727	where is the previous messages	2024-05-06 20:52:20.88403+05:30	27			
32	chat11727	still here	2024-05-06 20:52:34.214814+05:30	27			
33	chat11727	gdsfg	2024-05-06 20:59:46.430003+05:30	117			
34	chat11727	dfsvdfv	2024-05-06 20:59:49.02052+05:30	117			
35	chat11727	hello	2024-05-07 09:09:40.557414+05:30	27			
36	chat11727	hai	2024-05-07 09:09:43.545002+05:30	117			
37	chat11727	jss	2024-05-07 10:05:38.208088+05:30	117			
38	chat11727	snss	2024-05-07 10:05:39.850447+05:30	117			
39	chat11727	snsdkjs	2024-05-07 10:05:41.216881+05:30	117			
40	chat11727	jhejhf	2024-05-07 10:12:19.785668+05:30	27			
41	chat11727	hai there	2024-05-07 10:14:28.789713+05:30	117			
42	chat11727	it worked 	2024-05-07 10:14:35.133932+05:30	27			
43	chat11727	hek	2024-05-07 14:00:53.032751+05:30	117			
44	chat11727	jdkjsdkj	2024-05-07 14:02:57.67957+05:30	27			
45	chat11727	sdsdcssdcs	2024-05-07 14:03:05.936671+05:30	117			
46	chat11727	hwoil	2024-05-07 14:04:22.684105+05:30	117			
47	chat11727	hwk	2024-05-07 14:12:34.963207+05:30	117			
48	chat11727	hakai	2024-05-07 14:17:32.94693+05:30	117			
49	chat11727	hakkai4	2024-05-07 14:18:12.099815+05:30	117			
50	chat11727	marakko	2024-05-07 14:18:46.448185+05:30	27			
51	chat11727	monaco	2024-05-07 14:19:53.5969+05:30	117			
52	chat11727	hello	2024-05-07 14:22:33.420401+05:30	117			
53	chat11727	scsdc	2024-05-07 14:24:32.28348+05:30	117			
54	chat11727	sdcdscsdcsdcsdcsdc	2024-05-07 14:24:39.556169+05:30	27			
55	chat11727	xzxzx	2024-05-07 14:27:11.452041+05:30	117			
56	chat11727	hello	2024-05-07 14:27:59.163257+05:30	27			
57	chat11727	hsu	2024-05-07 14:40:11.487492+05:30	27			
58	chat11727	kki	2024-05-07 14:40:53.567296+05:30	27			
59	chat11727	uio	2024-05-07 14:41:25.507036+05:30	27			
60	chat11727	qwertyu	2024-05-07 14:42:55.024045+05:30	27			
61	chat11727	rtt	2024-05-07 14:43:55.296156+05:30	27			
62	chat11727	asasa	2024-05-07 14:47:13.714571+05:30	27			
63	chat11727	asdasdasdasd	2024-05-07 14:47:18.509723+05:30	27			
64	chat11727	sadasdasd	2024-05-07 14:47:20.613208+05:30	27			
65	chat11727	dferewy	2024-05-07 14:56:16.062564+05:30	27			
66	chat11727	dcnbmdcnb'	2024-05-07 14:56:30.284939+05:30	27			
67	chat11727	kjfsnkd	2024-05-07 14:57:01.409838+05:30	117			
68	chat11727	dsd	2024-05-07 14:57:19.165285+05:30	27			
69	chat11727	dfkjnskdfjnksjd	2024-05-07 14:57:22.831496+05:30	117			
70	chat11727	yuiop[	2024-05-07 14:57:29.725464+05:30	27			
71	chat11727	fwfw	2024-05-07 14:57:36.14065+05:30	27			
72	chat11727	csdsd	2024-05-07 14:57:56.337507+05:30	27			
73	chat27undefined	hello	2024-05-07 15:05:01.898138+05:30	27			
74	chat11727	hai	2024-05-07 15:05:11.405617+05:30	117			
75	chat11727	can you hear me	2024-05-07 15:05:23.181421+05:30	117			
76	chat27undefined	hjhh	2024-05-07 15:45:42.240317+05:30	27			
77	chat11727	honorific	2024-05-07 15:46:13.762609+05:30	117			
78	chat27undefined	heartfealt	2024-05-07 15:46:26.732283+05:30	27			
79	chat27undefined	dont you see my messages	2024-05-07 15:47:14.500803+05:30	27			
80	chat27undefined	lets start a conversation	2024-05-07 15:48:29.772456+05:30	27			
81	chat11727	lets begin	2024-05-07 15:49:38.209205+05:30	117			
82	chat11727	hello	2024-05-07 19:15:24.185775+05:30	27			
83	chat11727	are you ok	2024-05-07 19:15:34.394184+05:30	27			
84	chat11727	lets chat	2024-05-07 19:16:58.05905+05:30	27			
85	chat11727	why not	2024-05-07 19:17:05.857173+05:30	27			
86	chat11727	i should say that	2024-05-07 19:17:16.005613+05:30	117			
87	chat11727	ok	2024-05-07 19:17:30.712584+05:30	117			
88	chat11727	why is this like this	2024-05-07 19:17:56.212105+05:30	27			
89	chat11727	i dont know	2024-05-07 19:18:06.90995+05:30	117			
90	chat11727	it tooks like i am talking to my self	2024-05-07 19:18:24.671469+05:30	117			
91	chat11727	conversations are not being updated	2024-05-07 19:18:50.844019+05:30	27			
92	chat11727	i think i know why	2024-05-07 19:19:01.496759+05:30	27			
93	chat11727	why is that	2024-05-07 19:19:07.006162+05:30	117			
94	chat11727	this is ashique	2024-05-07 19:19:43.809961+05:30	27			
95	chat11727	this is barbie	2024-05-07 19:19:52.503919+05:30	117			
96	chat11727	o i made a mistake this is barbie	2024-05-07 19:20:29.312738+05:30	117			
97	chat11727	no this is ashique	2024-05-07 19:20:47.124051+05:30	27			
98	chat11727	barbie here	2024-05-07 19:21:52.068512+05:30	27			
99	chat11727	asique her i am positive	2024-05-07 19:21:54.622451+05:30	117			
100	chat11727	hai	2024-05-07 20:07:12.448845+05:30	27			
101	chat11727	l can see you	2024-05-07 20:07:23.297951+05:30	27			
102	chat11727	me too	2024-05-07 20:07:31.661619+05:30	117			
103	chat11727	hello	2024-05-07 20:11:35.022831+05:30	27			
104	chat11727	i am here	2024-05-07 20:11:55.034232+05:30	27			
105	chat11727	i amhere	2024-05-07 20:12:14.658183+05:30	117			
106	chat11727	where are you	2024-05-07 20:12:19.144844+05:30	117			
107	chat11727	also here	2024-05-07 20:12:24.752309+05:30	27			
108	chat11727	hau	2024-05-07 20:17:46.843744+05:30	27			
109	chat11727	hello	2024-05-07 20:18:01.825478+05:30	117			
110	chat11727	how are you	2024-05-07 20:27:28.623072+05:30	27			
111	chat11727	i am ok	2024-05-07 20:27:37.00334+05:30	117			
112	chat11727	hekkai	2024-05-07 20:37:38.349013+05:30	27			
113	chat11727	did i do something	2024-05-07 20:38:20.798913+05:30	117			
114	chat11727	i did not say you did	2024-05-07 20:38:32.853672+05:30	27			
115	chat11727	they why did you hakkai me	2024-05-07 20:38:47.856983+05:30	117			
116	chat11727	ha ha ha	2024-05-07 20:40:21.947368+05:30	27			
117	chat11727	why are you laughing	2024-05-07 20:40:32.648269+05:30	117			
118	chat11727	hai	2024-05-07 20:41:55.816193+05:30	27			
119	chat11727	hU	2024-05-07 20:46:07.071536+05:30	27			
120	chat11727	HAI	2024-05-07 20:47:11.942196+05:30	27			
121	chat11727	WHAT	2024-05-07 20:47:18.946033+05:30	117			
122	chat11727	WHY THE ATITUDE	2024-05-07 20:47:38.73046+05:30	27			
123	chat11727	WHY ARE YOU YELLING AT ME	2024-05-07 20:47:48.788569+05:30	117			
124	chat11727	I AM NOT YELLING WHAT MAKES YOU SAY THAT	2024-05-07 20:48:01.358446+05:30	27			
125	chat11727	THEN WHY ALL THE CAPS IT SEEMS LIKE YOU ARE YELLING AT ME AND VERY ANGRY WHILE DOING IT ALSO DID I DO SOMETHING WRONG OR WHAT AND I REALLY DONT APPRECIATE THIS ATTITUDE EVER SCIENCE YOU GOT THAT AWARD YOU BEEN ACTING LIKE A TOTAL DIRTBAG	2024-05-07 20:49:27.983065+05:30	117			
126	chat11727	what     ?	2024-05-07 20:49:50.857342+05:30	117			
127	chat11727	THEN WHY ALL THE CAPS IT SEEMS LIKE YOU ARE YELLING AT ME AND VERY ANGRY WHILE DOING IT ALSO DID I DO SOMETHING WRONG OR WHAT AND I REALLY DONT APPRECIATE THIS ATTITUDE EVER SCIENCE YOU GOT THAT AWARD YOU BEEN ACTING LIKE A TOTAL DIRTBAG	2024-05-07 20:49:55.460444+05:30	117			
128	chat11727	THEN WHY ALL THE CAPS IT SEEMS LIKE YOU ARE YELLING AT ME AND VERY ANGRY WHILE DOING IT ALSO DID I DO SOMETHING WRONG OR WHAT AND I REALLY DONT APPRECIATE THIS ATTITUDE EVER SCIENCE YOU GOT THAT AWARD YOU BEEN ACTING LIKE A TOTAL DIRTBAG	2024-05-07 20:50:05.183089+05:30	27			
129	chat11727	right back at you	2024-05-07 20:50:12.943564+05:30	27			
130	chat11727	fine	2024-05-07 20:50:48.481978+05:30	27			
131	chat11727	hey	2024-05-07 20:52:59.64947+05:30	27			
132	chat11727	yi	2024-05-07 20:54:30.737282+05:30	27			
133	chat11727	what is the fuss	2024-05-07 20:55:02.272455+05:30	117			
134	chat11427	hai	2024-05-07 20:56:54.385397+05:30	27			
135	chat11527	hay	2024-05-07 20:58:07.559279+05:30	27			
136	chat11527	do you hear me	2024-05-07 20:58:37.35615+05:30	115			
137	chat11527	yes i do 	2024-05-07 20:58:41.95424+05:30	27			
138	chat11727	do you understand anything	2024-05-07 20:58:58.042871+05:30	27			
139	chat11727	i will talk with you shortly	2024-05-07 20:59:11.163312+05:30	27			
140	chat11527	bye	2024-05-07 20:59:19.560915+05:30	115			
141	chat11527	heai	2024-05-07 20:59:30.441666+05:30	27			
142	chat11527	i said hai	2024-05-07 20:59:45.014516+05:30	27			
143	chat11527	and i said bye	2024-05-07 20:59:49.875489+05:30	115			
144	chat11727	see you	2024-05-07 21:00:26.901952+05:30	27			
145	chat11727	ok	2024-05-07 21:01:06.618654+05:30	27			
146	chat11727	hai	2024-05-08 09:18:09.745604+05:30	27			
147	chat11727	hey	2024-05-08 09:18:22.804982+05:30	27			
148	chat11727	what	2024-05-08 09:18:33.126859+05:30	117			
149	chat11727	whats with the atitude	2024-05-08 09:18:43.723262+05:30	27			
150	chat11727	what atitude	2024-05-08 09:18:49.99902+05:30	117			
151	chat11727	nothing	2024-05-08 09:18:55.614534+05:30	27			
152	chat11727	forget it	2024-05-08 09:18:59.310198+05:30	27			
153	chat11727	hello	2024-05-08 09:24:54.153818+05:30	27			
154	chat11727	good morning	2024-05-08 09:26:13.476961+05:30	27			
155	chat11727	how are you	2024-05-08 09:27:20.708159+05:30	27			
156	chat11727	are o=	2024-05-08 09:29:29.655975+05:30	27			
157	chat11727	what was that	2024-05-08 09:29:46.766137+05:30	117			
158	chat11727	nothing	2024-05-08 09:29:53.176397+05:30	27			
159	chat11727	do you hear me	2024-05-08 09:30:35.522021+05:30	27			
160	chat11727	did you see something	2024-05-08 09:34:53.897641+05:30	27			
161	chat11727	like what	2024-05-08 09:34:59.689228+05:30	117			
162	chat11727	nothing forget it	2024-05-08 09:35:06.697487+05:30	27			
163	chat11727	now the ui is busted	2024-05-08 09:35:46.86124+05:30	27			
164	chat11727	hey	2024-05-08 09:40:39.963536+05:30	27			
165	chat11727	adiyous	2024-05-08 09:41:29.631883+05:30	27			
166	chat11727	whats up amego	2024-05-08 09:41:38.259147+05:30	117			
167	chat11727	testing	2024-05-08 09:42:30.889168+05:30	27			
168	chat11727	test two	2024-05-08 09:42:36.277045+05:30	117			
169	chat11727	transithon	2024-05-08 09:42:47.714695+05:30	117			
170	chat11727	what	2024-05-08 09:42:51.539608+05:30	27			
171	chat11527	hey devid how is  the workout comming	2024-05-08 09:43:22.675297+05:30	27			
172	chat11527	see you tomorrow	2024-05-08 09:51:37.902651+05:30	27			
173	chat11527	are you ok	2024-05-08 09:52:15.385683+05:30	27			
174	chat11527	ya why do you ask	2024-05-08 09:52:31.359036+05:30	115			
175	chat11527	nothing just checking	2024-05-08 09:52:41.673304+05:30	27			
176	chat11527	hh	2024-05-08 10:28:04.063212+05:30	27			
177	chat11527	hey	2024-05-08 18:59:21.249097+05:30	115			
178	chat11527	hey	2024-05-08 19:00:18.763642+05:30	27			
179	chat11527	whats up	2024-05-08 19:00:30.124245+05:30	115			
180	chat11527	hettae	2024-05-08 19:01:58.763908+05:30	115			
181	chat11527	hey	2024-05-08 19:05:58.213988+05:30	115			
182	chat11527	what	2024-05-08 19:06:03.899314+05:30	27			
183	chat11527	why tge 	2024-05-08 19:06:09.831848+05:30	115			
184	chat11527	haha	2024-05-08 19:07:38.454097+05:30	115			
185	chat11527	gaagaa	2024-05-08 19:08:25.116847+05:30	115			
186	chat11527	see	2024-05-08 19:16:44.987311+05:30	115			
187	chat11527	ha	2024-05-08 19:17:10.054834+05:30	27			
188	chat11527	ok	2024-05-08 19:17:14.060352+05:30	115			
189	chat11527	haha	2024-05-08 19:17:16.68402+05:30	115			
190	chat11527	do	2024-05-08 19:17:20.240363+05:30	27			
191	chat11527	hey	2024-05-08 19:17:36.929768+05:30	115			
192	chat11527	ha	2024-05-08 19:19:27.921473+05:30	115			
193	chat11527	ha	2024-05-08 19:19:30.470023+05:30	27			
194	chat11527	hay	2024-05-08 19:19:40.369596+05:30	115			
195	chat11527	hello	2024-05-08 19:20:49.275521+05:30	115			
196	chat11527	hei	2024-05-08 19:21:19.618742+05:30	115			
197	chat11527	ttttttttttttttttt	2024-05-08 19:22:16.594994+05:30	115			
198	chat11527	hai	2024-05-08 19:24:01.574246+05:30	115			
199	chat11527	ok	2024-05-08 19:25:05.785488+05:30	115			
200	chat11527	ok	2024-05-08 19:26:49.614701+05:30	115			
201	chat11527	welcome	2024-05-08 19:26:55.078003+05:30	27			
202	chat11527	are you  there	2024-05-08 19:27:13.703511+05:30	27			
203	chat11527	hey	2024-05-08 19:45:42.724478+05:30	115			
204	chat11527	hello david	2024-05-08 19:48:47.712194+05:30	27			
205	chat11527	how are you	2024-05-08 19:51:49.916437+05:30	27			
206	chat11527	kkk	2024-05-08 20:06:10.558401+05:30	27			
207	chat11527	goofball	2024-05-08 20:07:06.813218+05:30	27			
208	chat11527	hey'	2024-05-08 20:07:38.355564+05:30	27			
209	chat11527	cdcdcdc	2024-05-08 20:08:03.543241+05:30	27			
210	chat11527	dcdcdc	2024-05-08 20:08:06.449483+05:30	115			
211	chat11527	gsdgsdg	2024-05-08 20:08:48.516483+05:30	27			
212	chat11527	,nmmn.m,.,	2024-05-08 20:09:32.837205+05:30	27			
213	chat11527	gdsfgettrgergertgerert	2024-05-08 20:11:21.250643+05:30	27			
214	chat11527	hottest summer	2024-05-08 20:16:23.672453+05:30	27			
215	chat11527	sdfsdf	2024-05-08 20:17:09.856753+05:30	27			
216	chat11527	hello hello hello	2024-05-08 20:22:36.335395+05:30	27			
217	chat11527	dont be mean baby	2024-05-08 20:24:00.059139+05:30	27			
218	chat11527	are you ok	2024-05-08 20:27:31.405757+05:30	27			
219	chat11527	can you hear me	2024-05-08 20:27:58.265258+05:30	27			
220	chat11527	so the message is the issue	2024-05-08 20:28:10.762658+05:30	27			
221	chat11527	i suppose	2024-05-08 20:28:27.947777+05:30	27			
222	chat11527	how to get past that	2024-05-08 20:28:39.535347+05:30	27			
223	chat11527	you there	2024-05-08 20:29:33.496516+05:30	27			
224	chat11527	are you one	2024-05-08 20:29:41.41945+05:30	27			
225	chat11527	how about notw	2024-05-08 20:30:03.525466+05:30	27			
226	chat11527	how about now	2024-05-08 20:31:14.492289+05:30	27			
227	chat11527	sdfsdfd	2024-05-08 20:31:45.215152+05:30	27			
228	chat11427	sdcds	2024-05-08 20:33:46.409949+05:30	27			
229	chat11427	ddddddddds	2024-05-08 20:34:15.622762+05:30	27			
230	chat11527	 sd ds	2024-05-08 20:34:44.253097+05:30	27			
231	chat11427	sdcdsc	2024-05-08 20:46:42.262+05:30	27			
232	chat11527	csdcsc	2024-05-08 20:46:52.348927+05:30	27			
233	chat11627	dcsdsdcs	2024-05-08 20:47:00.899978+05:30	27			
234	chat11727	dcsdcsdc	2024-05-08 20:47:07.507314+05:30	27			
235	chat11527	dcsdcsdc	2024-05-08 20:47:17.816472+05:30	27			
236	chat11527	dcsdc	2024-05-08 20:47:42.152795+05:30	27			
237	chat11427	hello	2024-05-08 20:48:10.737258+05:30	27			
238	chat11427	dvfvdfv	2024-05-08 20:48:17.865126+05:30	27			
239	chat11527	sdcsdcdsc	2024-05-08 20:48:36.397863+05:30	27			
240	chat11527	fsdff	2024-05-08 20:49:19.891439+05:30	27			
241	chat11527	fdfdf	2024-05-08 20:54:10.797258+05:30	27			
242	chat11427	dfsdfsdf	2024-05-08 20:55:26.585272+05:30	27			
243	chat11427	dfsdfsdf	2024-05-08 20:58:57.634455+05:30	27			
244	chat11527	sdfsdfds	2024-05-08 20:59:03.455276+05:30	27			
245	chat11527	cvxcv	2024-05-08 20:59:09.071698+05:30	27			
246	chat11427	iiirir	2024-05-08 20:59:51.599497+05:30	27			
247	chat11427	dsfdsf	2024-05-08 20:59:55.971371+05:30	27			
248	chat11427	dfdsfad	2024-05-08 21:00:07.854876+05:30	27			
249	chat11427	sdd	2024-05-08 21:00:23.34193+05:30	27			
250	chat11427	sdfadsfgasdbvc	2024-05-08 21:00:27.575397+05:30	27			
251	chat11427	uhsofdvjlckx*njds	2024-05-08 21:01:21.872963+05:30	27			
252	chat11527	asdfvdscxzA	2024-05-08 21:01:27.09941+05:30	27			
253	chat11527	BILLA	2024-05-09 09:07:37.177674+05:30	27			
254	chat11427	testing to see if the notification works	2024-05-09 09:12:36.983262+05:30	27			
255	chat11427	test	2024-05-09 09:13:25.607019+05:30	27			
256	chat11527	dedwed	2024-05-09 09:13:47.06959+05:30	27			
257	chat11527	sddd	2024-05-09 09:14:35.557244+05:30	27			
258	chat11527	cddsd	2024-05-09 09:22:09.239075+05:30	27			
259	chat11527	wefefwf	2024-05-09 09:22:21.745314+05:30	27			
260	chat11527	test	2024-05-09 09:23:59.282226+05:30	27			
261	chat11527	erferf	2024-05-09 09:26:51.984536+05:30	27			
262	chat11527	test	2024-05-09 09:32:35.575082+05:30	27			
263	chat11527	hai	2024-05-09 12:47:07.218441+05:30	115			
264	chat11527	what	2024-05-09 12:51:06.899416+05:30	27			
265	chat11527	hdskf	2024-05-09 12:51:19.286283+05:30	115			
266	chat11527	where are you	2024-05-09 12:51:39.157877+05:30	115			
267	chat11527	hey	2024-05-09 12:52:14.883222+05:30	115			
268	chat11527	are you ok	2024-05-09 12:52:36.880466+05:30	27			
269	chat11527	hay	2024-05-09 12:53:06.013525+05:30	115			
270	chat11527	david	2024-05-09 12:53:32.395361+05:30	27			
271	chat11527	david	2024-05-09 12:53:48.171612+05:30	27			
272	chat11427	twst	2024-05-09 12:53:59.900877+05:30	27			
273	chat11527	hai	2024-05-09 12:54:22.751515+05:30	27			
274	chat11527	hello david	2024-05-09 12:58:26.673409+05:30	27			
275	chat11527	god	2024-05-09 13:02:04.665564+05:30	27			
276	chat11527	top tucker	2024-05-09 13:04:33.354368+05:30	27			
277	chat11527	hey	2024-05-09 13:05:27.469102+05:30	27			
278	chat11527	wha	2024-05-09 13:05:35.742709+05:30	27			
279	chat11527	who is this	2024-05-09 13:05:55.901056+05:30	27			
280	chat11527	did you receive the notification	2024-05-09 13:06:36.070639+05:30	27			
281	chat11527	are you there	2024-05-09 13:07:09.082988+05:30	27			
282	chat11527	talk to me	2024-05-09 13:07:16.729746+05:30	27			
283	chat11527	hey	2024-05-09 13:07:24.533609+05:30	27			
284	chat11527	gitty	2024-05-09 13:16:38.508745+05:30	27			
285	chat11527	f	2024-05-09 13:17:25.540751+05:30	27			
286	chat11527	sdsd	2024-05-09 13:17:39.428285+05:30	27			
287	chat11527	gigidi	2024-05-09 13:19:45.117461+05:30	27			
288	chat11527	ggii	2024-05-09 13:22:00.425936+05:30	27			
289	chat11727	hhh	2024-05-09 13:22:42.426393+05:30	27			
290	chat11527	hsjs	2024-05-09 14:24:20.128257+05:30	27			
291	chat11527	ffffffffffffffffffffffffffffffffffff	2024-05-09 14:24:37.680954+05:30	27			
292	chat11627	hdjdjjdjjd	2024-05-09 14:24:51.218756+05:30	27			
293	chat11627	kjkdj	2024-05-09 14:25:00.471353+05:30	27			
294	chat11727	kdkjd	2024-05-09 14:25:10.965573+05:30	27			
295	chat11727	qqqqqqqqqqqqqqqqqqqqqqqqqqqqqqqqqqqqqq	2024-05-09 14:25:27.399476+05:30	27			
296	chat11727	qqqqqqqqqqqqqqqqqqqqqqqqqqqqqqqqqqqqqqqqqqqqqqqqqqqqqqqqqqqqqqqqqqqqqqqqqqqqqqqqqqqqqqqqqqqqqqqqqqqqqqqqqqqqqqqqqq	2024-05-09 14:26:17.405287+05:30	27			
297	chat11527	kdjhfkdshkfhskfhfksdhkshkfhskdhfkshfkshdkfhskdhfkshdfkhsdkfhkshfkhsdkfhskddhfksdh	2024-05-09 14:26:42.556918+05:30	27			
298	chat11727	dsfkjnsdfkjdf dsfsdf sdfsdf sdfsdf sdf sdf sdv sdv sdv asdv  sddvas dvas   sdv s dvs	2024-05-09 14:32:27.040066+05:30	27			
299	chat11527	hay	2024-05-09 14:35:40.750955+05:30	27			
300	chat11627	hiwl	2024-05-09 14:35:47.194227+05:30	27			
301	chat11627	sdfsd	2024-05-09 14:52:12.282603+05:30	27			
302	chat11627	rrrrrrrrrrrrrrrrrrrrrrrrrrrrrrrrrrrr	2024-05-09 14:52:27.418304+05:30	27			
303	chat11427	vxvdf	2024-05-09 14:52:42.28597+05:30	27			
304	chat11527	dfvdfgdfg	2024-05-09 14:52:49.138273+05:30	27			
305	chat11427	qwerty	2024-05-09 14:53:06.56826+05:30	27			
306	chat11527	ytrewq	2024-05-09 14:53:15.349492+05:30	27			
307	chat11427	sdfsdf	2024-05-09 14:56:41.30304+05:30	27			
308	chat11527	asmnbsxnbas	2024-05-09 14:57:05.440854+05:30	27			
309	chat11427	hekio	2024-05-09 14:59:17.153224+05:30	27			
310	chat11527	billa	2024-05-09 14:59:46.192817+05:30	27			
311	chat11527	test 2	2024-05-09 15:00:23.575593+05:30	27			
312	chat11427	djdjjdd	2024-05-09 15:00:42.777074+05:30	27			
313	chat11427	arya	2024-05-09 15:03:58.113626+05:30	27			
314	chat11527	david	2024-05-09 15:04:04.53023+05:30	27			
315	chat11627	erheroe	2024-05-09 15:04:12.59026+05:30	27			
316	chat11727	erferferwrfe	2024-05-09 15:04:18.4293+05:30	27			
317	chat11727	dsdcsdc	2024-05-09 15:05:54.219143+05:30	27			
318	chat11527	dscdscsdc	2024-05-09 15:06:01.033613+05:30	27			
319	chat11527	sdcsdcsdcsdc	2024-05-09 15:06:07.070083+05:30	27			
320	chat11527	cdscsdcsdc	2024-05-09 15:06:16.170718+05:30	27			
321	chat11527	dscsdc	2024-05-09 15:06:25.351539+05:30	27			
322	chat11527	dfvdfvdfv	2024-05-09 15:06:38.586713+05:30	27			
323	chat11527	cxvxcvxcvxc	2024-05-09 15:06:49.138326+05:30	27			
324	chat11427	sdcsdcs	2024-05-09 15:07:06.549786+05:30	27			
325	chat11427	dscsdcs	2024-05-09 15:08:08.707315+05:30	27			
326	chat11527	scdcdcsdc	2024-05-09 15:08:14.539092+05:30	27			
327	chat11527	dsdsdsd	2024-05-09 15:08:31.089226+05:30	27			
328	chat11427	sdfsdf	2024-05-09 15:10:32.469+05:30	27			
329	chat11427	sdcsdc	2024-05-09 15:10:42.335564+05:30	27			
330	chat11527	cdscds	2024-05-09 15:11:17.894057+05:30	27			
331	chat11527	c xc xcvxv	2024-05-09 15:11:29.695255+05:30	27			
332	chat11527	c xcvcvzxzxCZDXC	2024-05-09 15:11:34.666752+05:30	27			
333	chat11527	cddc	2024-05-09 15:12:19.682877+05:30	27			
334	chat11527	dfvdfv	2024-05-09 15:12:26.484616+05:30	115			
335	chat11527	zcxzczxc	2024-05-09 15:16:14.29913+05:30	27			
336	chat11527	fdvdfvdfv	2024-05-09 15:17:31.857919+05:30	27			
337	chat11527	dfvdfv	2024-05-09 15:17:42.216112+05:30	27			
338	chat11527	dvdfvdfvdfv	2024-05-09 15:17:48.604679+05:30	115			
339	chat11527	hai	2024-05-09 15:38:47.212959+05:30	115			
340	chat11427	he	2024-05-09 15:38:57.432969+05:30	27			
341	chat11427	ewdfdffaefsc	2024-05-09 15:39:07.548862+05:30	27			
342	chat11527	acdscsac	2024-05-09 15:40:09.061247+05:30	115			
343	chat11527	ascsc	2024-05-09 15:40:14.535226+05:30	27			
344	chat11527	acsc	2024-05-09 15:40:18.275556+05:30	115			
345	chat11527	sxasxasx	2024-05-09 15:40:43.166788+05:30	115			
346	chat11527	dscdsc	2024-05-09 15:41:02.671124+05:30	115			
347	chat11527	sdcsdcsdcscsdcsdcsdc	2024-05-09 15:41:28.223227+05:30	27			
348	chat11527	sdcdcsdcsdcsdc	2024-05-09 15:41:48.448145+05:30	27			
349	chat11527	dscsdc	2024-05-09 15:43:41.948954+05:30	27			
350	chat11527	fdsfsdfsdf	2024-05-09 15:44:49.420468+05:30	27			
351	chat11527	cvxcvxcvxcv	2024-05-09 15:45:07.665296+05:30	115			
352	chat11527	cxcxcxcxc	2024-05-09 15:45:16.442428+05:30	27			
353	chat11527	xcxcxcxcxc	2024-05-09 15:45:29.369596+05:30	27			
354	chat11427	csdcsdc	2024-05-09 15:54:57.471144+05:30	27			
355	chat11527	svsvsdvs	2024-05-09 15:55:07.812797+05:30	27			
356	chat11427	dfdf	2024-05-09 16:49:38.88972+05:30	27			
357	chat11527	dfdfdfdfdf	2024-05-09 16:49:45.738304+05:30	27			
358	chat11527	dfdfdfgfdg...	2024-05-09 16:49:54.603813+05:30	115			
359	chat11427	cvcvb...	2024-05-09 16:50:19.48532+05:30	27			
360	chat11527	xvvd	2024-05-09 16:50:52.617763+05:30	27			
361	chat11527	dsdsd	2024-05-09 16:53:06.048908+05:30	27			
362	chat11527	vcxvcxcv	2024-05-09 16:53:29.963011+05:30	27			
363	chat11527	www	2024-05-09 16:54:53.422022+05:30	27			
364	chat11527	cscscs	2024-05-09 16:58:41.427932+05:30	27			
365	chat11527	xcxcx	2024-05-09 16:59:00.750403+05:30	27			
366	chat11527	cxzczxc	2024-05-09 16:59:15.557227+05:30	27			
367	chat11527	dssdsdsd	2024-05-09 16:59:41.52232+05:30	27			
368	chat11527	sdsdsdsdqqq	2024-05-09 16:59:49.480557+05:30	115			
369	chat11527	sdsds	2024-05-09 17:00:01.309107+05:30	27			
370	chat11527	rererererer	2024-05-09 17:00:43.526885+05:30	115			
371	chat11527	jskjsdds	2024-05-09 17:08:54.920656+05:30	115			
372	chat11527	sfdsdfasdf	2024-05-09 17:09:13.728072+05:30	115			
373	chat11527	dfsdf	2024-05-09 17:09:17.877664+05:30	115			
374	chat11527	czxczxc	2024-05-09 17:09:45.290437+05:30	115			
375	chat11527	xczxcxzc	2024-05-09 17:52:38.16836+05:30	27			
376	chat11527	c  cx 	2024-05-09 17:56:45.328407+05:30	27			
377	chat11527	hai barbie	2024-05-10 11:51:17.319036+05:30	115			
378	chat11527	you there	2024-05-10 11:51:57.758324+05:30	115			
379	chat11527	whr	2024-05-10 11:54:22.890073+05:30	115			
380	chat11527	dscsdc	2024-05-10 11:54:24.68403+05:30	115			
381	chat11527	tgb xsertgvc	2024-05-10 11:54:26.914242+05:30	115			
382	chat11527	xqweerrrrrrrr	2024-05-10 11:55:38.627914+05:30	115			
383	chat11527	qwerty	2024-05-10 11:55:41.01936+05:30	115			
384	chat11527	qerwefdwedsfc	2024-05-10 11:55:43.636293+05:30	115			
385	chat11527	dkfhkdjkcdsc	2024-05-10 11:57:53.695969+05:30	115			
386	chat11527	skcdbskdcbkasdc	2024-05-10 11:57:55.048163+05:30	115			
387	chat11527	ssdkcnbksdcmknsdkcn	2024-05-10 11:57:56.723976+05:30	115			
388	chat11527	qwertyuiop[	2024-05-10 11:58:01.370959+05:30	115			
389	chat11527	sdvsa	2024-05-10 11:58:40.523798+05:30	27			
390	chat11527	dcsdcsdcs	2024-05-10 11:58:57.101029+05:30	115			
391	chat11527	dcscdsdcsdc	2024-05-10 11:58:59.651158+05:30	115			
392	chat11527	hekki barbie	2024-05-10 11:59:31.727503+05:30	115			
393	chat11527	hello cutie	2024-05-10 12:01:11.528397+05:30	115			
394	chat11527	how are you	2024-05-10 12:01:16.296255+05:30	115			
395	chat11527	you are my angel	2024-05-10 12:02:59.669512+05:30	115			
396	chat11527	vdsdcs	2024-05-10 12:05:07.555184+05:30	115			
397	chat11527	qwertttty	2024-05-10 12:05:19.843023+05:30	115			
398	chat11527	ZxcZxczxc	2024-05-10 12:06:23.802697+05:30	115			
399	chat11527	wedwed	2024-05-10 12:10:13.973848+05:30	115			
400	chat11527	hello hello hello	2024-05-10 12:18:15.084937+05:30	115			
401	chat11527	ckdsjbcksjdnkcnjskdc	2024-05-10 12:20:03.171263+05:30	115			
402	chat11527	hey	2024-05-10 14:45:37.327362+05:30	115			
403	chat11727	hai	2024-05-10 19:24:15.823875+05:30	117			
404	chat11727	hello	2024-05-10 19:24:24.503573+05:30	117			
405	chat11727	trrr	2024-05-10 19:24:39.00979+05:30	117			
406	chat11727	what	2024-05-10 19:24:57.022422+05:30	27			
407	chat11727	got it	2024-05-10 19:26:48.726985+05:30	117			
408	chat11727	bu	2024-05-10 19:26:53.986923+05:30	27			
409	chat11727	hey	2024-05-10 19:27:01.301896+05:30	117			
410	chat11727	are you there	2024-05-10 19:27:14.151748+05:30	117			
411	chat11727	H	2024-05-10 19:32:08.123832+05:30	117			
412	chat11727	HSDFKHJSDF	2024-05-10 19:32:16.413916+05:30	117			
413	chat11727	how are you	2024-05-10 19:32:50.83883+05:30	117			
414	chat11727	dsfsd	2024-05-10 19:33:01.20304+05:30	117			
415	chat11727	sfsd	2024-05-10 19:33:02.012183+05:30	117			
416	chat11727	sd	2024-05-10 19:33:02.573555+05:30	117			
417	chat11727	fsd	2024-05-10 19:33:03.45561+05:30	117			
418	chat11727	heioa a	2024-05-10 20:11:19.127163+05:30	27			
419	chat11727	kjhiskdjhfdsfas	2024-05-10 20:11:21.326221+05:30	27			
420	chat11727	dkjhsadf	2024-05-10 20:11:23.082294+05:30	27			
421	chat109117	hey ashique nice to meet you	2024-05-10 20:12:15.807087+05:30	109			
422	chat109117	m	2024-05-10 20:12:20.439451+05:30	109			
423	chat11727	hey barbie how are you	2024-05-11 09:05:54.346005+05:30	117			
424	chat11527	i need help barbie	2024-05-11 09:06:33.408836+05:30	115			
425	chat11527	where are you ?	2024-05-11 09:06:41.10747+05:30	115			
426	chat11527	heu'	2024-05-11 09:24:15.714939+05:30	115			
427	chat11527	hwkjw	2024-05-11 09:24:20.583472+05:30	115			
428	chat11527	dnndnnd	2024-05-11 09:24:28.476487+05:30	115			
429	chat11527	hhd	2024-05-11 09:31:30.529372+05:30	115			
430	chat11727	hey	2024-05-11 09:32:47.181403+05:30	117			
431	chat11727	how are you	2024-05-11 09:32:50.516436+05:30	117			
432	chat11727	 call me	2024-05-11 09:32:54.990486+05:30	117			
433	chat11727	heu	2024-05-11 09:43:13.843585+05:30	117			
434	chat11727	jackman	2024-05-11 09:43:17.503948+05:30	117			
435	chat11727	gge	2024-05-11 10:27:16.658662+05:30	117			
436	chat11727	eresds	2024-05-11 10:27:18.519953+05:30	117			
437	chat11727	ger	2024-05-11 10:27:22.01226+05:30	117			
438	chat11727	edfsa	2024-05-11 10:27:57.60954+05:30	117			
439	chat11727	sdfa	2024-05-11 10:27:58.430741+05:30	117			
440	chat11727	wew	2024-05-11 10:27:59.422589+05:30	117			
441	chat11727	gerfgv	2024-05-11 10:28:00.502406+05:30	117			
442	chat11727	ffbdassfdv	2024-05-11 10:28:02.048478+05:30	117			
443	chat11427	adasd	2024-05-11 10:33:25.549075+05:30	27			
444	chat11727	asdasd	2024-05-11 10:33:42.619774+05:30	27			
445	chat11727	gdgdfg	2024-05-11 10:33:52.611717+05:30	27			
446	chat11727	dgdfg	2024-05-11 10:34:19.81365+05:30	27			
447	chat11727	sdsd	2024-05-11 10:36:22.555507+05:30	27			
448	chat11727	sdsd	2024-05-11 10:36:26.206018+05:30	117			
449	chat11727	ff	2024-05-11 11:33:02.48406+05:30	27			
450	chat11727	hai barbie	2024-05-11 11:35:01.188398+05:30	117			
451	chat11727	hey	2024-05-11 12:51:59.407999+05:30	27			
452	chat11727	hello4	2024-05-11 12:57:07.519962+05:30	27			
453	chat11727	dc	2024-05-11 12:57:58.768625+05:30	27			
454	chat11727	qwerty	2024-05-11 13:01:35.846394+05:30	27			
455	chat11727	work	2024-05-11 13:02:28.585019+05:30	27			
456	chat11727	dsdsd	2024-05-11 13:05:23.866793+05:30	27			
457	chat11727	rtr	2024-05-11 13:06:19.730807+05:30	27			
458	chat11727	fgdfg	2024-05-11 13:59:55.053093+05:30	27			
459	chat11727	how are you	2024-05-12 20:11:33.788487+05:30	27			
460	chat11727	hey	2024-05-12 20:12:07.952391+05:30	27			
461	chat11727	kjfgjkfdg	2024-05-12 20:12:24.268318+05:30	27			
462	chat11727	uiop	2024-05-12 20:12:40.18778+05:30	27			
463	chat11727	cvxv	2024-05-12 20:13:29.619528+05:30	117			
464	chat11727	xcxc	2024-05-12 20:13:40.266172+05:30	117			
465	chat11727	n,cvmn,cxvm	2024-05-12 20:14:11.006103+05:30	117			
466	chat11527	hey david	2024-05-12 20:18:03.090323+05:30	27			
467	chat11527	whats up david	2024-05-12 20:18:42.469696+05:30	27			
468	chat11527	hey barbie	2024-05-12 20:19:47.539959+05:30	115			
469	chat11527	hai	2024-05-12 20:20:07.40226+05:30	115			
470	chat11527	you there	2024-05-12 20:20:12.115806+05:30	115			
471	chat11527	kdfgdnfg	2024-05-12 20:20:37.743121+05:30	115			
472	chat11527	dfgsdg	2024-05-12 20:20:42.35283+05:30	115			
473	chat11527	sdfgdf	2024-05-12 20:20:46.631024+05:30	115			
474	chat11527	dfgdgdfg	2024-05-12 20:20:52.529079+05:30	115			
475	chat11527	CBNZcxzxc	2024-05-12 20:23:18.473172+05:30	115			
476	chat11527	hey	2024-05-12 20:23:42.206022+05:30	27			
477	chat11527	glad your ok	2024-05-12 20:23:53.724344+05:30	115			
478	chat11527	xvzxcv	2024-05-12 20:24:01.494382+05:30	115			
479	chat11527	hey	2024-05-12 20:26:09.984618+05:30	115			
480	chat11527	dfgdf	2024-05-12 20:31:56.887654+05:30	115			
481	chat11527	zxcvxcvcvxzcvccccccccccccccccccccccccvdfgegefefvefv	2024-05-12 20:32:45.900111+05:30	115			
482	chat11527	fds	2024-05-12 20:33:17.458272+05:30	115			
483	chat11527	fffff	2024-05-12 20:35:52.518192+05:30	115			
484	chat11527	hei	2024-05-12 20:36:27.757241+05:30	115			
485	chat11527	are you there	2024-05-12 20:36:39.405727+05:30	115			
486	chat11527	f	2024-05-12 20:37:20.935299+05:30	115			
487	chat11527	rrr	2024-05-12 20:43:19.813387+05:30	115			
488	chat11527	hey bb	2024-05-12 20:48:04.99585+05:30	115			
489	chat11527	hai there	2024-05-12 20:52:55.959329+05:30	115			
490	chat109116	hey	2024-05-12 22:44:11.68992+05:30	109			
491	chat109116	where are you	2024-05-12 22:44:54.89021+05:30	109			
492	chat109115	hau	2024-05-13 09:25:46.81162+05:30	109			
493	chat109116	hey cris	2024-05-13 09:30:49.770917+05:30	115			
494	chat109115	hey buddy	2024-05-13 09:33:29.36537+05:30	115			
495	chat109115	hai there 	2024-05-13 09:34:51.83695+05:30	115			
496	chat109115	where are you	2024-05-13 09:34:54.893667+05:30	115			
497	chat109115	call me soon	2024-05-13 09:34:59.861346+05:30	115			
498	chat109115	i need help	2024-05-13 09:41:12.733318+05:30	115			
499	chat109115	call me	2024-05-13 09:41:15.206932+05:30	115			
500	chat109115	g	2024-05-13 09:41:47.492815+05:30	115			
501	chat109116	dsdds	2024-05-13 10:01:57.821925+05:30	116			
502	chat109116	sxasxasx	2024-05-13 10:12:36.527678+05:30	116			
503	chat109116	as	2024-05-13 10:12:42.064925+05:30	116			
504	chat109116	hey kris	2024-05-13 10:19:36.037884+05:30	116			
505	chat109116	??	2024-05-13 10:19:41.462864+05:30	116			
506	chat109116	dsd	2024-05-13 12:35:30.011052+05:30	109			
507	chat109115	ggg	2024-05-13 12:51:02.482425+05:30	109			
508	chat109116	{'message': 'call me'}	2024-05-13 12:55:05.787812+05:30	109			
509	chat109115	{'message': 'hey ashique nice to meet you'}	2024-05-13 12:55:37.221668+05:30	109			
510	chat109115	hey david	2024-05-13 13:07:53.517249+05:30	109			
511	chat109115	hello	2024-05-13 13:08:40.751252+05:30	109			
512	chat109115	heydavid	2024-05-13 13:56:02.746873+05:30	109			
513	chat109116	whats up sagar	2024-05-13 13:56:15.720097+05:30	109			
514	chat109116	gw	2024-05-13 14:29:29.029469+05:30	109			
515	chat109116	whR	2024-05-13 14:29:39.841215+05:30	116			
516	chat109116	hey	2024-05-13 14:31:56.564807+05:30	109			
517	chat109116	got it	2024-05-13 14:32:01.954495+05:30	116			
518	chat109116	dude	2024-05-13 14:36:33.452888+05:30	109			
519	chat109116	dssd	2024-05-13 14:37:05.976418+05:30	109			
520	chat109116	bye	2024-05-13 14:39:28.601095+05:30	109			
521	chat109116	hai	2024-05-13 14:41:47.886999+05:30	109			
522	chat109116	ho	2024-05-13 14:42:03.930168+05:30	109			
523	chat109116	dod	2024-05-13 14:43:52.054752+05:30	109			
524	chat109116	jacky	2024-05-13 14:53:08.020526+05:30	109			
525	chat109116	dc	2024-05-13 14:53:13.849607+05:30	109			
526	chat109116	hai	2024-05-13 15:04:53.402433+05:30	109			
527	chat109116	bye	2024-05-13 15:04:58.018671+05:30	116			
528	chat109116	bl	2024-05-13 15:06:58.832718+05:30	116			
529	chat109116	lb	2024-05-13 15:07:05.439258+05:30	109			
530	chat109116	hello there	2024-05-13 15:25:59.165574+05:30	109			
531	chat109116	hai	2024-05-13 15:26:03.88232+05:30	116			
532	chat109116	{'message': 'hey david'}	2024-05-13 15:35:33.850836+05:30	109			
533	chat109116	dsads	2024-05-13 15:36:11.483343+05:30	109			
534	chat109116	ok	2024-05-13 15:36:49.056561+05:30	109			
535	chat109116	dsfsdf	2024-05-13 15:43:26.80306+05:30	109			
536	chat109116	fsdf	2024-05-13 15:43:31.112994+05:30	116			
537	chat109115	zxzxzx	2024-05-13 16:09:55.228863+05:30	109			
538	chat109116	xcvxcv	2024-05-13 16:10:03.708884+05:30	109			
539	chat109116	xcvxc	2024-05-13 16:10:24.408563+05:30	109			
540	chat109116	kjkfdkkjf	2024-05-13 16:10:31.511237+05:30	116			
541	chat109116	cvxv	2024-05-13 16:10:35.450247+05:30	109			
542	chat109116	hey davidcC 	2024-05-13 16:16:49.580453+05:30	109			
543	chat109114	hey	2024-05-14 09:45:32.95797+05:30	109			
544	chat109117	hey	2024-05-14 09:45:43.761483+05:30	117			
545	chat109117	whats up	2024-05-14 09:45:52.622029+05:30	109			
546	chat109117	hey	2024-05-14 11:18:36.15712+05:30	109			
547	chat109115	hey ashique nice to meet you	2024-05-14 11:19:53.418856+05:30	109			
548	chat109117	hello	2024-05-14 11:20:00.607771+05:30	109			
549	chat11527	hai	2024-05-14 11:23:32.311463+05:30	27			
550	chat109115	hey kris	2024-05-14 11:24:37.667984+05:30	115			
551	chat109115	what	2024-05-14 11:24:51.252697+05:30	109			
552	chat109115	forward me the message you sent to ashique	2024-05-14 11:25:11.425359+05:30	115			
553	chat109115	hey ashique nice to meet you	2024-05-14 11:25:34.226691+05:30	109			
554	chat109115	did you get it	2024-05-14 11:25:52.793837+05:30	109			
555	chat109115	ya	2024-05-14 11:25:56.355011+05:30	115			
556	chat109114	forward me the message you sent to ashique	2024-05-14 11:26:13.546904+05:30	109			
557	chat109115	forward me the message you sent to ashique	2024-05-14 11:26:13.701334+05:30	109			
558	chat109116	forward me the message you sent to ashique	2024-05-14 11:26:13.937801+05:30	109			
559	chat109117	forward me the message you sent to ashique	2024-05-14 11:26:14.020183+05:30	109			
560	chat11513	hai	2024-05-14 11:46:14.249477+05:30	115			
561	chat11518	forward me the message you sent to ashique	2024-05-14 11:46:30.885786+05:30	115			
562	chat11513	forward me the message you sent to ashique	2024-05-14 11:46:30.907793+05:30	115			
563	chat109115	forward me the message you sent to ashique	2024-05-14 11:46:54.380269+05:30	109			
615	chat11427		2024-05-15 12:13:09.73011+05:30	27	image	chat/images/image_IGwc5UB.png	
564	chat109115	Listen to this	2024-05-14 15:49:43.027143+05:30	109	Audio		chat/media/take_me_to_church.mp3
565	chat109115	hello	2024-05-14 20:01:52.51994+05:30	109			
566	chat109115		2024-05-14 20:05:01.27391+05:30	109	image	/static/media/heroImage.74a0b3cc093131af69df.jpg	
567	chat109117		2024-05-14 20:11:33.804313+05:30	109	image	/static/media/heroImage.74a0b3cc093131af69df.jpg	
568	chat109115		2024-05-14 20:13:49.369106+05:30	109	image	/static/media/heroImage.74a0b3cc093131af69df.jpg	
569	chat11527	testing to see if the notification works	2024-05-15 00:04:02.832866+05:30	27			
570	chat11627	testing to see if the notification works	2024-05-15 00:04:03.049746+05:30	27			
571	chat11727	testing to see if the notification works	2024-05-15 00:04:03.19339+05:30	27			
572	chat11427	mmmmmmmmmmmmmmmmmmmmmmmmmmmmmmmmmmmmmm	2024-05-15 00:05:27.034518+05:30	27			
573	chat11527	mmmmmmmmmmmmmmmmmmmmmmmmmmmmmmmmmmmmmm	2024-05-15 00:18:03.972293+05:30	27			
574	chat11627	mmmmmmmmmmmmmmmmmmmmmmmmmmmmmmmmmmmmmm	2024-05-15 00:18:04.17879+05:30	27			
575	chat11727	mmmmmmmmmmmmmmmmmmmmmmmmmmmmmmmmmmmmmm	2024-05-15 00:18:04.393133+05:30	27			
576	chat11727	xcxc	2024-05-15 00:18:22.088684+05:30	27			
577	chat11527	mmmmmmmmmmmmmmmmmmmmmmmmmmmmmmmmmmmmmm	2024-05-15 00:18:34.664025+05:30	27			
578	chat11627	testing to see if the notification works	2024-05-15 00:18:47.030142+05:30	27			
579	chat11527	zxXZZ	2024-05-15 09:32:25.227093+05:30	27			
580	chat11527	hejjo	2024-05-15 09:32:33.25463+05:30	27			
581	chat11527	scsdcsdc	2024-05-15 09:35:35.254868+05:30	27			
582	chat11527	kjdckjhsdc	2024-05-15 09:35:55.350192+05:30	27			
583	chat11527	dcbsd,ncsdc	2024-05-15 09:35:56.82226+05:30	27			
584	chat11527	sdcbdn,cs	2024-05-15 09:35:57.934543+05:30	27			
585	chat11527	dscasncsadc	2024-05-15 09:35:59.15211+05:30	27			
586	chat11527	what	2024-05-15 09:36:27.25337+05:30	115			
587	chat11427	what	2024-05-15 09:36:46.38954+05:30	27			
588	chat11527	what	2024-05-15 09:36:46.563019+05:30	27			
589	chat11627	what	2024-05-15 09:36:46.565015+05:30	27			
590	chat11727	what	2024-05-15 09:36:46.645274+05:30	27			
591	chat11727	zxczxc	2024-05-15 09:54:29.075881+05:30	27			
592	chat11427	barbie	2024-05-15 09:57:27.101403+05:30	27			
593	chat11727	axasxasx	2024-05-15 10:00:08.017752+05:30	27			
594	chat11727	qwerty	2024-05-15 10:05:55.225379+05:30	27			
595	chat11427	qwerty	2024-05-15 10:06:51.755696+05:30	27			
596	chat11427	cxcxcx	2024-05-15 10:12:06.454602+05:30	27			
597	chat11427	qwery	2024-05-15 10:13:17.865857+05:30	27			
598	chat11427	sdccdcsdc	2024-05-15 10:15:45.785362+05:30	27			
599	chat11527		2024-05-15 10:36:00.793558+05:30	27	image	chat/images/image.png	
600	chat11427		2024-05-15 10:49:06.784787+05:30	27	image	chat/images/image_tmvDIWn.png	
601	chat11427		2024-05-15 10:49:20.232194+05:30	27	image	chat/images/image_xJKoSjG.png	
602	chat11427		2024-05-15 10:51:23.942886+05:30	27	image	chat/images/image_t4rs5zo.png	
603	chat11427		2024-05-15 10:52:57.805388+05:30	27	image	chat/images/image_LCkU9eD.png	
604	chat11427		2024-05-15 10:54:12.613552+05:30	27	image	chat/images/image_7i0CLPs.png	
605	chat11427		2024-05-15 10:57:24.046751+05:30	27	image	chat/images/image_hmFZj31.png	
606	chat11427		2024-05-15 10:58:01.688945+05:30	27	image	chat/images/image_Aw6aDNK.png	
607	chat11427		2024-05-15 11:02:55.786719+05:30	27	image	chat/images/image_0vCJ3Qw.png	
608	chat11427		2024-05-15 11:19:18.167657+05:30	27	image	chat/images/image_jwKyDIK.png	
609	chat11427		2024-05-15 11:21:15.351949+05:30	27	image	chat/images/image_N31SdxX.png	
610	chat11427		2024-05-15 11:28:18.935172+05:30	27	image	chat/images/image_ZnjepvW.png	
611	chat11427		2024-05-15 11:34:01.112311+05:30	27	image	chat/images/image_v1bvxXp.png	
612	chat11427	hello	2024-05-15 11:45:26.703901+05:30	27			
613	chat11427	where are you	2024-05-15 11:45:33.494497+05:30	27			
614	chat11427		2024-05-15 12:12:20.815423+05:30	27	image	chat/images/image_RCXpyF6.png	
616	chat11427		2024-05-15 12:14:17.592184+05:30	27	image	chat/images/image_3kQXjDw.png	
617	chat11427	hello	2024-05-15 12:14:25.358598+05:30	27			
618	chat11427	how are you	2024-05-15 12:15:07.088878+05:30	27			
619	chat11427		2024-05-15 12:23:43.17506+05:30	27	image	chat/images/image_4ai1WQK.png	
620	chat11427		2024-05-15 12:24:55.178645+05:30	27	image	chat/images/image_ZRjC7GZ.png	
621	chat11427	dfvsdfvdfv	2024-05-15 12:24:59.357272+05:30	27			
622	chat11427		2024-05-15 12:31:10.362965+05:30	27	image	chat/images/image_ONqYwrT.png	
623	chat11427	hey	2024-05-15 12:31:15.235838+05:30	27			
624	chat11427		2024-05-15 12:32:38.681723+05:30	27	image	chat/images/image_ux9riVu.png	
625	chat11427	qwerty	2024-05-15 12:34:08.818156+05:30	27			
626	chat11427		2024-05-15 12:34:23.155889+05:30	27	image	chat/images/image_UIWSC7b.png	
627	chat11427		2024-05-15 12:35:55.588258+05:30	27	image	chat/images/image_G1AMBLu.png	
628	chat11427	hek	2024-05-15 12:37:56.86515+05:30	27			
629	chat11427	naya	2024-05-15 12:38:15.855172+05:30	27	image	chat/images/image_SDLB8tf.png	
630	chat11427	howdy	2024-05-15 12:57:02.759538+05:30	27	image	chat/images/image_HjSaDoK.png	
631	chat11427	Message from Arya	2024-05-15 13:49:58.368644+05:30	114	image	chat/images/image_Mp7kOPM.png	
632	chat11427	hello	2024-05-15 13:51:20.739751+05:30	114	image	chat/images/image_56iKLWp.png	
633	chat11427	how are you	2024-05-15 13:58:01.186558+05:30	114	image	chat/images/image_ZTNRDdM.png	
634	chat11627	how are you	2024-05-15 14:31:23.546781+05:30	27	image	chat/images/image_sxwtp6J.png	
635	chat11727	how are you	2024-05-15 15:35:39.986713+05:30	27	image	chat/images/image_jO6X8qc.png	
636	chat11727		2024-05-15 15:35:57.936671+05:30	27	image	chat/images/image_G72siae.png	
637	chat11727	billa	2024-05-15 15:38:02.188623+05:30	27	image	chat/images/image_j8iQvlj.png	
638	chat11627	billa	2024-05-15 15:38:39.230632+05:30	27	image	chat/images/image_4eulycP.png	
639	chat11427	hey ashique	2024-05-15 17:01:46.623838+05:30	27			
640	chat11627		2024-05-15 17:10:43.35458+05:30	27	image	chat/images/image_OLDMg8T.png	
641	chat11427		2024-05-15 17:11:09.696964+05:30	27	image	chat/images/image_ZAoG67t.png	
642	chat11527		2024-05-15 17:11:10.039451+05:30	27	image	chat/images/image_rWeQzHc.png	
643	chat11727		2024-05-15 17:11:10.194405+05:30	27	image	chat/images/image_hWFGyto.png	
644	chat11727	good	2024-05-15 17:12:02.952909+05:30	27	image	chat/images/image_j2KMirv.png	
645	chat11513		2024-05-15 18:34:04.183927+05:30	115	image	chat/images/image_7Suht2q.png	
646	chat11527	Message from David	2024-05-15 18:42:10.89764+05:30	115	image	chat/images/image_C3rI9tm.png	
647	chat109117	Message from ashique	2024-05-15 21:53:16.870984+05:30	117	image	chat/images/image_f4JSU7L.png	
648	chat11627		2024-05-16 19:42:14.045597+05:30	27	image	chat/images/image_3UDRVw8.png	
649	chat11727	naya	2024-05-16 19:47:44.858956+05:30	27	image	chat/images/image_tGOFluw.png	
650	chat11627	hey	2024-05-17 11:08:13.963696+05:30	116			
651	chat11627	hello	2024-05-17 11:08:52.461222+05:30	116			
652	chat11627	whats up	2024-05-17 11:09:09.786622+05:30	116			
653	chat11627	nothing	2024-05-17 11:09:14.734801+05:30	27			
654	chat11627		2024-05-17 11:09:26.18134+05:30	27	image	chat/images/image_TD2GcoO.png	
655	chat11527	hello	2024-05-17 14:18:19.269489+05:30	115			
656	chat11527	how are you	2024-05-17 14:18:52.937524+05:30	115			
657	chat109115	sdsdsd	2024-05-17 14:19:10.456484+05:30	115			
658	chat109115	hei	2024-05-17 14:20:52.853548+05:30	115			
659	chat11527	hey	2024-05-17 14:23:17.181758+05:30	115			
660	chat109115	hey kris	2024-05-17 14:23:34.470109+05:30	115			
661	chat109115	Message from David	2024-05-17 14:24:14.20655+05:30	115	image	chat/images/image_yM2Zfcw.png	
662	chat109114	hello	2024-05-17 14:57:21.990683+05:30	109	image	chat/images/image_WytUWsC.png	
663	chat109114	hrithik	2024-05-17 14:58:29.349933+05:30	109	image	chat/images/image_OPn9wYY.png	
664	chat109115	hey david	2024-05-17 15:02:10.814085+05:30	109			
665	chat109115	Message from Kris	2024-05-17 15:02:31.127512+05:30	109	image	chat/images/image_UPWEh7h.png	
666	chat109114	Message from Kris	2024-05-17 15:04:54.494227+05:30	109	image	chat/images/image_l6O7wze.png	
667	chat109115	Message from Kris	2024-05-17 15:04:54.656889+05:30	109	image	chat/images/image_rCzJ0G9.png	
668	chat109116	Message from Kris	2024-05-17 15:04:54.941222+05:30	109	image	chat/images/image_RTENIll.png	
669	chat109117	Message from Kris	2024-05-17 15:04:55.124671+05:30	109	image	chat/images/image_qgndkW7.png	
670	chat109116	hey sagar 	2024-05-17 15:21:33.594484+05:30	109			
671	chat109116	hope you are fine	2024-05-17 15:21:38.361746+05:30	109			
672	chat109116	good luck	2024-05-17 15:21:55.098023+05:30	109	image	chat/images/image_dEXMiin.png	
673	chat109120	koi	2024-05-17 18:10:06.325911+05:30	120			
674	chat109120	Message from Nischal	2024-05-17 18:11:28.964696+05:30	120	image	chat/images/image_X5rbzel.png	
675	chat12013	Message from Nischal	2024-05-17 18:11:38.433762+05:30	120	image	chat/images/image_mSqQCgY.png	
676	chat12013	Message from Nischal	2024-05-17 18:11:50.771364+05:30	120	image	chat/images/image_nlujt20.png	
677	chat109115	koi	2024-05-17 18:12:30.596204+05:30	115			
678	chat11518	Message from Kris	2024-05-17 18:16:17.263103+05:30	115	image	chat/images/image_cM3j4uC.png	
679	chat11518	Message from David	2024-05-17 18:16:36.580446+05:30	115	image	chat/images/image_qUggpJI.png	
680	chat11527	Message from David	2024-05-17 18:24:50.280372+05:30	115	image	chat/images/image_Crlc8VF.png	
681	chat11513	Message from David	2024-05-17 18:25:00.855671+05:30	115	image	chat/images/image_kshvQbb.png	
682	chat11513	Message from David	2024-05-17 18:26:04.993167+05:30	115	image	chat/images/image_1O5ZRYf.png	
683	chat11513	Message from David	2024-05-17 18:26:28.102703+05:30	115	image	chat/images/image_ptfnB6e.png	
684	chat11513	Message from David	2024-05-17 18:37:16.875794+05:30	115	image	chat/images/image_Y6pqoTz.png	
685	chat11513	Message from David	2024-05-17 18:38:15.712335+05:30	115	image	chat/images/image_x7fUHyV.png	
686	chat11513	Message from David	2024-05-17 18:44:54.646256+05:30	115	image	chat/images/image_e5udLHq.png	
687	chat11518	Message from Kris	2024-05-17 18:49:40.566124+05:30	115	image	chat/images/image_8n6HVyx.png	
688	chat11627	hello	2024-05-17 18:55:18.441744+05:30	27	image	chat/images/image_5eOAsEo.png	
689	chat11427	hello	2024-05-17 18:55:37.344357+05:30	27	image	chat/images/image_F6BeL0n.png	
690	chat11527	hello	2024-05-17 18:55:37.644365+05:30	27	image	chat/images/image_FrtKMaq.png	
691	chat11627	hello	2024-05-17 18:55:37.988811+05:30	27	image	chat/images/image_rg0iEij.png	
692	chat11727	hello	2024-05-17 18:55:38.078182+05:30	27	image	chat/images/image_kiQJLTn.png	
693	chat11727	hey ashique	2024-05-17 18:58:15.769896+05:30	27			
694	chat11727	hey ashique	2024-05-17 18:59:13.696021+05:30	27			
695	chat11627	mmmmmmmmmmmmmmmmmmmmmmmmmmmmmmmmmmmmmm	2024-05-17 18:59:46.52786+05:30	27			
696	chat11513	hello	2024-05-17 19:00:23.637957+05:30	115	image	chat/images/image_vuzrPaS.png	
697	chat11518	Message from Kris	2024-05-17 19:00:35.795741+05:30	115	image	chat/images/image_ImhPN3z.png	
698	chat109115	hello	2024-05-17 19:12:03.357215+05:30	115	image	chat/images/image_t1HRXLw.png	
699	chat11527	hello	2024-05-17 19:12:26.361614+05:30	115	image	chat/images/image_Q4ZZJIc.png	
700	chat109115	hello	2024-05-17 19:12:26.401534+05:30	115	image	chat/images/image_7oDBKUF.png	
701	chat11527	hek	2024-05-17 19:13:10.576246+05:30	115			
705	chat109120	koi	2024-05-18 09:11:25.804907+05:30	120			
706	chat109115	hey hey 	2024-05-18 11:42:33.005727+05:30	109			
707	chat109115	hey kris	2024-05-18 11:42:47.260705+05:30	109			
708	chat109115	how are you	2024-05-18 11:42:57.851248+05:30	109			
709	chat109115	sdhbbsd	2024-05-18 11:43:18.946488+05:30	109			
710	chat109115	sdfsf	2024-05-18 11:43:19.765698+05:30	109			
711	chat109115	sdfsf	2024-05-18 11:43:20.667085+05:30	109			
712	chat109115	dndnnd	2024-05-18 11:43:53.548499+05:30	109			
713	chat109115	sd	2024-05-18 11:43:54.377673+05:30	109			
714	chat109115	sd	2024-05-18 11:43:54.921535+05:30	109			
715	chat109115	sd	2024-05-18 11:43:55.449865+05:30	109			
716	chat109115	we	2024-05-18 11:43:55.880009+05:30	109			
717	chat109115	we	2024-05-18 11:43:56.300828+05:30	109			
718	chat109115	we	2024-05-18 11:43:57.431922+05:30	109			
719	chat109116	hello	2024-05-18 12:06:37.237012+05:30	116	image	chat/images/image_WcHJnQj.png	
720	chat109114	Message from Kris	2024-05-18 12:07:30.177055+05:30	109	image	chat/images/image_VlieW2D.png	
721	chat109115	Message from Kris	2024-05-18 12:07:30.475071+05:30	109	image	chat/images/image_CPItAFv.png	
722	chat109116	Message from Kris	2024-05-18 12:07:30.673172+05:30	109	image	chat/images/image_tmsnj93.png	
723	chat109115	hello kris	2024-05-28 09:56:22.04912+05:30	115			
724	chat109115	how are you	2024-05-28 09:56:26.038696+05:30	115			
725	chat109115	Message from David	2024-05-28 09:56:37.230797+05:30	115	image	chat/images/image_rOgncSG.png	
726	chat11527	call me when you get this	2024-05-28 09:57:07.5704+05:30	115			
727	chat11527	Message from David	2024-05-28 09:57:17.987462+05:30	115	image	chat/images/image_kDtRmfk.png	
728	chat11427	Message from David	2024-05-28 09:58:05.005626+05:30	27	image	chat/images/image_tnaF2Dn.png	
729	chat11627	Message from David	2024-05-28 09:58:05.532323+05:30	27	image	chat/images/image_z2jYqMf.png	
730	chat11727	Message from David	2024-05-28 09:58:06.125235+05:30	27	image	chat/images/image_JCZjKcN.png	
\.


--
-- Data for Name: chat_notification; Type: TABLE DATA; Schema: public; Owner: postgres
--

COPY public.chat_notification (id, message, "timestamp", recipient_id, sender_id, seen) FROM stdin;
37	dkfhkdjkcdsc	2024-05-10 11:57:53.761035+05:30	27	115	t
50	hello hello hello	2024-05-10 12:18:15.101343+05:30	27	115	t
32	dscsdc	2024-05-10 11:54:24.702448+05:30	27	115	t
35	qwerty	2024-05-10 11:55:41.184722+05:30	27	115	t
49	wedwed	2024-05-10 12:10:13.989694+05:30	27	115	t
54	HSDFKHJSDF	2024-05-10 19:32:16.446834+05:30	27	117	t
61	dkjhsadf	2024-05-10 20:11:23.116154+05:30	117	27	t
62	hey ashique nice to meet you	2024-05-10 20:12:15.855645+05:30	117	109	t
6	dsfkjnsdfkjdf dsfsdf sdfsdf sdfsdf sdf sdf sdv sdv sdv asdv  sddvas dvas   sdv s dvs	2024-05-09 14:32:27.095299+05:30	117	27	t
64	hey barbie how are you	2024-05-11 09:05:54.435507+05:30	27	117	t
65	i need help barbie	2024-05-11 09:06:33.425815+05:30	27	115	t
66	where are you ?	2024-05-11 09:06:41.138701+05:30	27	115	t
67	heu'	2024-05-11 09:24:15.768602+05:30	27	115	t
58	fsd	2024-05-10 19:33:03.467609+05:30	27	117	t
48	ZxcZxczxc	2024-05-10 12:06:23.823131+05:30	27	115	t
17	erferferwrfe	2024-05-09 15:04:18.44433+05:30	117	27	t
18	dsdcsdc	2024-05-09 15:05:54.232329+05:30	117	27	t
3	kdkjd	2024-05-09 14:25:10.972574+05:30	117	27	t
4	qqqqqqqqqqqqqqqqqqqqqqqqqqqqqqqqqqqqqq	2024-05-09 14:25:27.407471+05:30	117	27	t
59	heioa a	2024-05-10 20:11:19.152359+05:30	117	27	t
60	kjhiskdjhfdsfas	2024-05-10 20:11:21.349448+05:30	117	27	t
63	m	2024-05-10 20:12:20.485291+05:30	117	109	t
68	hwkjw	2024-05-11 09:24:20.598016+05:30	27	115	t
38	skcdbskdcbkasdc	2024-05-10 11:57:55.088001+05:30	27	115	t
55	dsfsd	2024-05-10 19:33:01.21741+05:30	27	117	t
28	sfdsdfasdf	2024-05-09 17:09:13.755515+05:30	27	115	t
40	qwertyuiop[	2024-05-10 11:58:01.410653+05:30	27	115	t
69	dnndnnd	2024-05-11 09:24:28.498076+05:30	27	115	t
57	sd	2024-05-10 19:33:02.607813+05:30	27	117	t
33	tgb xsertgvc	2024-05-10 11:54:26.932064+05:30	27	115	t
70	hhd	2024-05-11 09:31:30.559267+05:30	27	115	t
71	hey	2024-05-11 09:32:47.206343+05:30	27	117	t
72	how are you	2024-05-11 09:32:50.555614+05:30	27	117	t
39	ssdkcnbksdcmknsdkcn	2024-05-10 11:57:56.739182+05:30	27	115	t
56	sfsd	2024-05-10 19:33:02.04555+05:30	27	117	t
46	you are my angel	2024-05-10 12:02:59.702592+05:30	27	115	t
73	 call me	2024-05-11 09:32:55.027136+05:30	27	117	t
45	how are you	2024-05-10 12:01:16.326252+05:30	27	115	t
31	whr	2024-05-10 11:54:22.901374+05:30	27	115	t
47	qwertttty	2024-05-10 12:05:19.892638+05:30	27	115	t
29	dfsdf	2024-05-09 17:09:17.901398+05:30	27	115	t
53	are you there	2024-05-10 19:27:14.178035+05:30	27	117	t
30	hai barbie	2024-05-10 11:51:17.386752+05:30	27	115	t
74	heu	2024-05-11 09:43:13.860006+05:30	27	117	t
44	hello cutie	2024-05-10 12:01:11.560325+05:30	27	115	t
51	ckdsjbcksjdnkcnjskdc	2024-05-10 12:20:03.213706+05:30	27	115	t
36	qerwefdwedsfc	2024-05-10 11:55:43.794738+05:30	27	115	t
5	qqqqqqqqqqqqqqqqqqqqqqqqqqqqqqqqqqqqqqqqqqqqqqqqqqqqqqqqqqqqqqqqqqqqqqqqqqqqqqqqqqqqqqqqqqqqqqqqqqqqqqqqqqqqqqqqqq	2024-05-09 14:26:17.425558+05:30	117	27	t
42	dcscdsdcsdc	2024-05-10 11:58:59.693742+05:30	27	115	t
75	jackman	2024-05-11 09:43:17.519058+05:30	27	117	t
52	hey	2024-05-10 14:45:37.387325+05:30	27	115	t
34	xqweerrrrrrrr	2024-05-10 11:55:38.643123+05:30	27	115	t
43	hekki barbie	2024-05-10 11:59:31.738748+05:30	27	115	t
41	dcsdcsdcs	2024-05-10 11:58:57.142892+05:30	27	115	t
76	gge	2024-05-11 10:27:16.716096+05:30	27	117	t
77	eresds	2024-05-11 10:27:18.531831+05:30	27	117	t
78	ger	2024-05-11 10:27:22.025102+05:30	27	117	t
79	edfsa	2024-05-11 10:27:57.631567+05:30	27	117	t
80	sdfa	2024-05-11 10:27:58.487692+05:30	27	117	t
81	wew	2024-05-11 10:27:59.478627+05:30	27	117	t
82	gerfgv	2024-05-11 10:28:00.515238+05:30	27	117	t
83	ffbdassfdv	2024-05-11 10:28:02.106686+05:30	27	117	t
85	hai barbie	2024-05-11 11:35:01.21957+05:30	27	117	t
86	hey david	2024-05-12 20:18:03.105839+05:30	115	27	t
87	whats up david	2024-05-12 20:18:42.645625+05:30	115	27	t
88	hey barbie	2024-05-12 20:19:47.557779+05:30	27	115	t
89	hai	2024-05-12 20:20:07.418564+05:30	27	115	t
90	you there	2024-05-12 20:20:12.132956+05:30	27	115	t
91	kdfgdnfg	2024-05-12 20:20:37.759696+05:30	27	115	t
92	dfgsdg	2024-05-12 20:20:42.372133+05:30	27	115	t
93	sdfgdf	2024-05-12 20:20:46.662848+05:30	27	115	t
94	dfgdgdfg	2024-05-12 20:20:52.546492+05:30	27	115	t
95	CBNZcxzxc	2024-05-12 20:23:18.499043+05:30	27	115	t
1	hdjdjjdjjd	2024-05-09 14:24:51.224754+05:30	116	27	t
2	kjkdj	2024-05-09 14:25:00.479353+05:30	116	27	t
7	hiwl	2024-05-09 14:35:47.195845+05:30	116	27	t
8	sdfsd	2024-05-09 14:52:12.32692+05:30	116	27	t
9	rrrrrrrrrrrrrrrrrrrrrrrrrrrrrrrrrrrr	2024-05-09 14:52:27.423305+05:30	116	27	t
16	erheroe	2024-05-09 15:04:12.602982+05:30	116	27	t
10	vxvdf	2024-05-09 14:52:42.28597+05:30	114	27	t
11	qwerty	2024-05-09 14:53:06.569598+05:30	114	27	t
14	djdjjdd	2024-05-09 15:00:42.784876+05:30	114	27	t
15	arya	2024-05-09 15:03:58.160637+05:30	114	27	t
19	sdcsdcs	2024-05-09 15:07:06.576551+05:30	114	27	t
20	dscsdcs	2024-05-09 15:08:08.721958+05:30	114	27	t
21	sdfsdf	2024-05-09 15:10:32.602853+05:30	114	27	t
22	sdcsdc	2024-05-09 15:10:42.352937+05:30	114	27	t
23	he	2024-05-09 15:38:57.625732+05:30	114	27	t
24	ewdfdffaefsc	2024-05-09 15:39:07.568585+05:30	114	27	t
25	csdcsdc	2024-05-09 15:54:57.510445+05:30	114	27	t
26	dfdf	2024-05-09 16:49:38.929562+05:30	114	27	t
84	adasd	2024-05-11 10:33:25.566217+05:30	114	27	t
96	where are you	2024-05-12 22:44:54.929013+05:30	116	109	t
97	hai there 	2024-05-13 09:34:51.870388+05:30	109	115	t
98	where are you	2024-05-13 09:34:54.928739+05:30	109	115	t
99	call me soon	2024-05-13 09:34:59.876688+05:30	109	115	t
100	i need help	2024-05-13 09:41:12.747099+05:30	109	115	t
101	call me	2024-05-13 09:41:15.241812+05:30	109	115	t
102	sxasxasx	2024-05-13 10:12:36.574484+05:30	109	116	t
103	as	2024-05-13 10:12:42.090716+05:30	109	116	t
104	hey kris	2024-05-13 10:19:36.071602+05:30	109	116	t
105	??	2024-05-13 10:19:41.495954+05:30	109	116	t
106	zxzxzx	2024-05-13 16:09:55.258397+05:30	115	109	t
107	hey davidcC 	2024-05-13 16:16:49.612294+05:30	115	109	t
109	hey ashique nice to meet you	2024-05-14 11:19:53.435136+05:30	115	109	t
110	hai	2024-05-14 11:23:32.328558+05:30	115	27	t
116	kjdckjhsdc	2024-05-15 09:35:55.534269+05:30	115	27	t
117	dcbsd,ncsdc	2024-05-15 09:35:56.981862+05:30	115	27	t
118	sdcbdn,cs	2024-05-15 09:35:58.156889+05:30	115	27	t
119	dscasncsadc	2024-05-15 09:35:59.330976+05:30	115	27	t
12	sdfsdf	2024-05-09 14:56:41.308627+05:30	114	27	t
13	hekio	2024-05-09 14:59:17.160617+05:30	114	27	t
27	cvcvb...	2024-05-09 16:50:19.500269+05:30	114	27	t
108	hey	2024-05-14 09:45:33.025902+05:30	114	109	t
111	forward me the message you sent to ashique	2024-05-14 11:26:13.828405+05:30	114	109	t
120	what	2024-05-15 09:36:46.656184+05:30	114	27	t
123	barbie	2024-05-15 09:57:27.159332+05:30	114	27	t
126	qwerty	2024-05-15 10:06:51.786117+05:30	114	27	t
127	cxcxcx	2024-05-15 10:12:06.485528+05:30	114	27	t
128	qwery	2024-05-15 10:13:17.926855+05:30	114	27	t
129	sdccdcsdc	2024-05-15 10:15:45.947439+05:30	114	27	t
131		2024-05-15 10:49:06.809905+05:30	114	27	t
132		2024-05-15 10:49:20.39374+05:30	114	27	t
133		2024-05-15 10:51:23.969311+05:30	114	27	t
134		2024-05-15 10:52:57.852248+05:30	114	27	t
135		2024-05-15 10:54:12.642374+05:30	114	27	t
136		2024-05-15 10:57:24.081048+05:30	114	27	t
137		2024-05-15 10:58:01.738089+05:30	114	27	t
138		2024-05-15 11:02:55.820521+05:30	114	27	t
139		2024-05-15 11:19:18.207192+05:30	114	27	t
140		2024-05-15 11:21:15.368858+05:30	114	27	t
141		2024-05-15 11:28:18.958014+05:30	114	27	t
142		2024-05-15 11:34:01.134394+05:30	114	27	t
143		2024-05-15 12:12:20.854783+05:30	114	27	t
144		2024-05-15 12:13:09.747115+05:30	114	27	t
145		2024-05-15 12:14:17.612779+05:30	114	27	t
146		2024-05-15 12:23:43.226424+05:30	114	27	t
147		2024-05-15 12:24:55.211855+05:30	114	27	t
148		2024-05-15 12:31:10.398382+05:30	114	27	t
149		2024-05-15 12:32:38.709412+05:30	114	27	t
150		2024-05-15 12:34:23.208489+05:30	114	27	t
151		2024-05-15 12:35:55.606407+05:30	114	27	t
152	naya	2024-05-15 12:38:15.870291+05:30	114	27	t
153	howdy	2024-05-15 12:57:02.78647+05:30	114	27	t
122	zxczxc	2024-05-15 09:54:29.107439+05:30	117	27	t
124	axasxasx	2024-05-15 10:00:08.056006+05:30	117	27	t
125	qwerty	2024-05-15 10:05:55.248167+05:30	117	27	t
155	how are you	2024-05-15 15:35:40.017697+05:30	117	27	t
156		2024-05-15 15:35:57.993477+05:30	117	27	t
157	billa	2024-05-15 15:38:02.202522+05:30	117	27	t
161		2024-05-15 17:11:10.241998+05:30	117	27	t
162	good	2024-05-15 17:12:03.012681+05:30	117	27	t
130		2024-05-15 10:36:00.812869+05:30	115	27	t
160		2024-05-15 17:11:10.223554+05:30	115	27	t
113	hai	2024-05-14 11:46:14.300759+05:30	13	115	t
114	forward me the message you sent to ashique	2024-05-14 11:46:30.935037+05:30	13	115	t
163		2024-05-15 18:34:04.208375+05:30	13	115	t
112	forward me the message you sent to ashique	2024-05-14 11:26:14.067145+05:30	116	109	t
115	testing to see if the notification works	2024-05-15 00:04:03.221577+05:30	116	27	t
121	what	2024-05-15 09:36:46.659972+05:30	116	27	t
154	how are you	2024-05-15 14:31:23.719248+05:30	116	27	t
158	billa	2024-05-15 15:38:39.243083+05:30	116	27	t
159		2024-05-15 17:10:43.389982+05:30	116	27	t
164	Message from ashique	2024-05-15 21:53:16.904204+05:30	109	117	t
165	hey	2024-05-17 14:23:17.209686+05:30	27	115	t
166	hello	2024-05-17 14:57:22.022725+05:30	114	109	f
167	hrithik	2024-05-17 14:58:29.364233+05:30	114	109	f
168	Message from Kris	2024-05-17 15:04:54.813434+05:30	114	109	f
169	Message from Kris	2024-05-17 15:04:55.212759+05:30	116	109	t
171	hey sagar 	2024-05-17 15:21:33.647408+05:30	116	109	t
172	hope you are fine	2024-05-17 15:21:38.379033+05:30	116	109	t
173	good luck	2024-05-17 15:21:55.106641+05:30	116	109	t
174	Message from David	2024-05-17 18:24:50.311555+05:30	27	115	t
175	hello	2024-05-17 18:55:37.812147+05:30	114	27	f
176	hello	2024-05-17 18:55:38.034374+05:30	115	27	t
170	Message from Kris	2024-05-17 15:04:55.220688+05:30	117	109	t
177	hello	2024-05-17 18:55:38.095125+05:30	117	27	t
178	hey ashique	2024-05-17 18:58:15.802798+05:30	117	27	t
179	hey ashique	2024-05-17 18:59:13.71487+05:30	117	27	t
180	sdhbbsd	2024-05-18 11:43:18.969718+05:30	115	109	t
181	sdfsf	2024-05-18 11:43:19.792569+05:30	115	109	t
182	sdfsf	2024-05-18 11:43:20.691559+05:30	115	109	t
183	dndnnd	2024-05-18 11:43:53.573712+05:30	115	109	t
184	sd	2024-05-18 11:43:54.40299+05:30	115	109	t
185	sd	2024-05-18 11:43:54.947088+05:30	115	109	t
186	sd	2024-05-18 11:43:55.476173+05:30	115	109	t
187	we	2024-05-18 11:43:55.905921+05:30	115	109	t
188	we	2024-05-18 11:43:56.325077+05:30	115	109	t
189	we	2024-05-18 11:43:57.443942+05:30	115	109	t
190	Message from Kris	2024-05-18 12:07:30.496142+05:30	114	109	f
191	Message from Kris	2024-05-18 12:07:30.686608+05:30	115	109	t
192	hello kris	2024-05-28 09:56:22.09434+05:30	109	115	f
193	how are you	2024-05-28 09:56:26.078911+05:30	109	115	f
194	Message from David	2024-05-28 09:56:37.246365+05:30	109	115	f
195	call me when you get this	2024-05-28 09:57:07.596353+05:30	27	115	t
196	Message from David	2024-05-28 09:57:18.00335+05:30	27	115	t
197	Message from David	2024-05-28 09:58:06.366818+05:30	114	27	f
198	Message from David	2024-05-28 09:58:06.398942+05:30	116	27	f
199	Message from David	2024-05-28 09:58:06.414479+05:30	117	27	f
\.


--
-- Data for Name: django_admin_log; Type: TABLE DATA; Schema: public; Owner: postgres
--

COPY public.django_admin_log (id, action_time, object_id, object_repr, action_flag, change_message, content_type_id, user_id) FROM stdin;
1	2024-03-15 20:23:22.146842+05:30	14	adarsh@sample.com	1	[{"added": {}}]	6	13
2	2024-03-15 20:23:51.504662+05:30	14	adarsh@sample.com	2	[{"changed": {"fields": ["First name"]}}]	6	13
3	2024-03-15 20:24:26.556673+05:30	15	andndKumar@sample.com	1	[{"added": {}}]	6	13
4	2024-03-15 20:24:49.313656+05:30	15	anandKumar@sample.com	2	[{"changed": {"fields": ["Email"]}}]	6	13
5	2024-03-15 20:33:59.385726+05:30	16	mike@sample.com	1	[{"added": {}}]	6	13
6	2024-03-15 20:36:21.045537+05:30	17	harvey@sample.com	1	[{"added": {}}]	6	13
7	2024-03-15 20:40:07.091301+05:30	18	jessica@sample.com	1	[{"added": {}}]	6	13
8	2024-03-15 20:40:27.711523+05:30	18	jessica@sample.com	2	[{"changed": {"fields": ["Last name"]}}]	6	13
9	2024-03-25 10:25:14.302973+05:30	28	anoop@sample.com	1	[{"added": {}}]	6	13
10	2024-03-25 10:25:51.224545+05:30	15	anoop	2	[{"changed": {"fields": ["Height", "Weight", "Age", "Body fat", "Phone"]}}]	7	13
11	2024-03-25 10:35:22.038607+05:30	29	sam@sample.com	2	[{"changed": {"fields": ["Profile picture"]}}]	6	13
12	2024-03-25 12:16:21.504783+05:30	16	sam	2	[{"changed": {"fields": ["Height", "Weight", "Age", "Body fat", "Phone"]}}]	7	13
13	2024-04-05 13:42:35.824517+05:30	60	nischalkshaj9@gmail.com	3		6	13
14	2024-04-05 13:42:35.84829+05:30	59	nischalkshaj8@gmail.com	3		6	13
15	2024-04-05 13:42:35.849321+05:30	58	nischalkshaj7@gmail.com	3		6	13
16	2024-04-05 13:42:35.850288+05:30	57	nischalkshaj6@gmail.com	3		6	13
17	2024-04-05 13:42:35.851286+05:30	56	nischalkshaj5@gmail.com	3		6	13
18	2024-04-05 13:44:56.358655+05:30	62	nischalkshaj5@gmail.com	3		6	13
19	2024-04-05 13:44:56.373619+05:30	55	aravind20@sample.com	3		6	13
20	2024-04-05 13:44:56.374923+05:30	54	aravind19@sample.com	3		6	13
21	2024-04-05 13:44:56.375418+05:30	53	aravind18@sample.com	3		6	13
22	2024-04-05 13:44:56.376966+05:30	52	aravind17@sample.com	3		6	13
23	2024-04-05 13:44:56.377946+05:30	51	aravind16@sample.com	3		6	13
24	2024-04-05 13:44:56.387585+05:30	50	aravind15@sample.com	3		6	13
25	2024-04-05 13:44:56.390273+05:30	49	aravind14@sample.com	3		6	13
26	2024-04-05 13:44:56.391503+05:30	48	aravind13@sample.com	3		6	13
27	2024-04-05 13:44:56.392436+05:30	47	aravind12@sample.com	3		6	13
28	2024-04-05 13:44:56.393277+05:30	46	aravind11@sample.com	3		6	13
29	2024-04-05 13:44:56.394128+05:30	45	aravind10@sample.com	3		6	13
30	2024-04-05 13:44:56.39587+05:30	44	aravind9@sample.com	3		6	13
31	2024-04-05 13:44:56.396444+05:30	43	aravind8@sample.com	3		6	13
32	2024-04-05 13:44:56.397508+05:30	42	aravind7@sample.com	3		6	13
33	2024-04-05 14:45:51.600099+05:30	61	gopikabk1312@gmail.com	3		6	13
34	2024-04-05 14:46:35.088142+05:30	63	gopikabk1312@gmail.com	3		6	13
35	2024-04-05 15:13:50.715415+05:30	64	gopikabk1312@gmail.com	3		6	13
36	2024-04-06 10:37:20.702521+05:30	69	vishnumpydev345@gmail.com	3		6	13
37	2024-04-06 10:47:10.181668+05:30	70	vishnumpydev345@gmail.com	3		6	13
38	2024-04-06 11:01:50.785973+05:30	71	vishnumpydev345@gmail.com	3		6	13
39	2024-04-06 11:16:29.367163+05:30	72	vishnumpydev345@gmail.com	3		6	13
40	2024-04-06 11:23:31.763229+05:30	73	vishnumpydev345@gmail.com	3		6	13
41	2024-04-06 11:24:48.895936+05:30	74	vishnumpydev345@gmail.com	3		6	13
42	2024-04-06 11:28:58.668671+05:30	75	vishnumpydev345@gmail.com	3		6	13
43	2024-04-06 11:30:18.109507+05:30	76	vishnumpydev345@gmail.com	3		6	13
44	2024-04-06 11:31:27.08386+05:30	77	vishnumpydev345@gmail.com	3		6	13
45	2024-04-06 11:32:46.652024+05:30	78	vishnumpydev345@gmail.com	3		6	13
46	2024-04-06 11:37:41.049127+05:30	79	vishnumpydev345@gmail.com	3		6	13
47	2024-04-06 11:38:22.873635+05:30	80	vishnumpydev345@gmail.com	3		6	13
48	2024-04-06 12:03:03.315797+05:30	81	vishnumpydev345@gmail.com	3		6	13
49	2024-04-06 12:05:29.30894+05:30	82	vishnumpydev345@gmail.com	3		6	13
50	2024-04-06 12:23:10.914585+05:30	83	vishnumpydev345@gmail.com	3		6	13
51	2024-04-06 12:25:06.808386+05:30	84	vishnumpydev345@gmail.com	3		6	13
52	2024-04-06 12:30:06.806155+05:30	85	vishnumpydev345@gmail.com	3		6	13
53	2024-04-06 12:35:56.441421+05:30	86	vishnumpydev345@gmail.com	3		6	13
54	2024-04-06 12:42:03.868191+05:30	87	vishnumpydev345@gmail.com	3		6	13
55	2024-04-06 12:56:14.726429+05:30	88	vishnumpydev345@gmail.com	3		6	13
56	2024-04-06 12:58:56.82695+05:30	89	vishnumpydev345@gmail.com	3		6	13
57	2024-04-06 13:01:26.825559+05:30	90	vishnumpydev345@gmail.com	3		6	13
58	2024-04-06 13:04:59.005971+05:30	91	vishnumpydev345@gmail.com	3		6	13
59	2024-04-06 13:06:24.195918+05:30	92	vishnumpydev345@gmail.com	3		6	13
60	2024-04-06 13:10:01.991337+05:30	93	vishnumpydev345@gmail.com	3		6	13
61	2024-04-06 13:59:22.906976+05:30	94	vishnumpydev345@gmail.com	3		6	13
62	2024-04-06 14:02:26.999923+05:30	95	vishnumpydev345@gmail.com	3		6	13
63	2024-04-06 14:04:15.0674+05:30	96	vishnumpydev345@gmail.com	3		6	13
64	2024-04-06 14:10:09.957609+05:30	97	vishnumpydev345@gmail.com	3		6	13
65	2024-04-06 14:12:16.461566+05:30	98	vishnumpydev345@gmail.com	3		6	13
66	2024-04-06 14:16:19.649308+05:30	99	vishnumpydev345@gmail.com	3		6	13
67	2024-04-08 20:20:00.705349+05:30	87	Vishnu	3		7	13
68	2024-04-08 20:20:45.650897+05:30	100	vishnumpydev345@gmail.com	3		6	13
69	2024-04-08 20:41:48.482088+05:30	101	vishnumpydev345@gmail.com	3		6	13
70	2024-04-09 09:45:30.531532+05:30	102	vishnumpydev345@gmail.com	3		6	13
71	2024-04-09 09:47:11.128686+05:30	103	vishnumpydev345@gmail.com	3		6	13
72	2024-04-09 11:18:03.633357+05:30	104	vishnumpydev345@gmail.com	3		6	13
73	2024-04-09 14:12:49.567631+05:30	3	Jonny	3		8	13
74	2024-04-09 14:13:11.007772+05:30	34	jisha@sample.com	2	[{"changed": {"fields": ["Is trainer"]}}]	6	13
75	2024-04-09 14:35:47.22479+05:30	5	David	2	[{"changed": {"fields": ["User"]}}]	8	13
76	2024-04-09 14:36:28.196522+05:30	5	David	3		8	13
77	2024-04-09 14:39:32.902301+05:30	34	jisha@sample.com	2	[{"changed": {"fields": ["Is trainer"]}}]	6	13
78	2024-04-09 14:39:40.741452+05:30	6	Trainer Profile (No User)	3		8	13
79	2024-04-09 14:40:37.196956+05:30	7	Trainer Profile (No User)	3		8	13
80	2024-04-09 14:40:46.149728+05:30	34	jisha@sample.com	2	[{"changed": {"fields": ["Is trainer"]}}]	6	13
81	2024-04-09 14:40:53.010786+05:30	34	jisha@sample.com	2	[]	6	13
82	2024-04-09 14:42:00.797151+05:30	8	Trainer Profile (No User)	3		8	13
83	2024-04-09 14:42:13.025647+05:30	34	jisha@sample.com	3		6	13
84	2024-04-09 14:43:04.670671+05:30	106	jisha@sample.com	1	[{"added": {}}]	6	13
85	2024-04-09 14:43:44.903195+05:30	106	jisha@sample.com	2	[]	6	13
86	2024-04-09 14:44:54.820621+05:30	105	vishnumpydev345@gmail.com	3		6	13
87	2024-04-09 14:47:08.943136+05:30	106	jisha@sample.com	3		6	13
88	2024-04-09 14:47:58.906297+05:30	108	jisha@sample.com	1	[{"added": {}}]	6	13
89	2024-04-09 14:52:11.218179+05:30	108	jisha@sample.com	3		6	13
90	2024-04-09 14:58:36.777863+05:30	39	ameen@sample.com	2	[]	6	13
91	2024-04-09 19:49:51.574705+05:30	25	sdf@sample.com	2	[]	6	13
92	2024-04-10 14:25:07.271736+05:30	1	DTP Four weeks of Maximum muscle	1	[{"added": {}}]	9	13
93	2024-04-10 14:36:33.608044+05:30	67	nischalkshaj6@gmail.com	2	[]	6	13
94	2024-04-10 14:37:33.938024+05:30	67	nischalkshaj6@gmail.com	2	[{"changed": {"fields": ["Is verified"]}}]	6	13
95	2024-04-10 15:07:35.759406+05:30	107	vishnumpydev345@gmail.com	3		6	13
96	2024-04-11 10:36:15.899189+05:30	110	kris@sample.com	1	[{"added": {}}]	6	13
97	2024-04-17 10:16:32.886343+05:30	1	new test	2	[{"changed": {"fields": ["Program"]}}]	10	13
98	2024-04-17 10:17:35.096459+05:30	2	lesson 2	1	[{"added": {}}]	10	13
99	2024-04-17 10:18:16.581992+05:30	3	lesson 3	1	[{"added": {}}]	10	13
100	2024-04-17 10:19:04.534809+05:30	4	lesson 1	1	[{"added": {}}]	10	13
101	2024-04-17 10:19:49.975409+05:30	5	Lesson 2	1	[{"added": {}}]	10	13
102	2024-04-17 10:20:32.163908+05:30	6	Lesson 3	1	[{"added": {}}]	10	13
103	2024-04-22 17:07:57.94166+05:30	27	barbie@gmail.com	2	[{"changed": {"fields": ["Is verified"]}}]	6	13
104	2024-04-22 17:38:58.206625+05:30	15	barbie	3		8	13
105	2024-04-22 17:39:13.82829+05:30	27	barbie@gmail.com	2	[{"changed": {"fields": ["Is trainer"]}}]	6	13
106	2024-04-22 17:47:55.315149+05:30	16	barbie	3		8	13
107	2024-04-22 17:48:12.594216+05:30	27	barbie@gmail.com	2	[{"changed": {"fields": ["Is trainer"]}}]	6	13
108	2024-04-22 17:52:18.932515+05:30	17	barbie	3		8	13
109	2024-04-22 17:52:28.2964+05:30	27	barbie@gmail.com	2	[{"changed": {"fields": ["Is trainer"]}}]	6	13
110	2024-04-22 17:53:19.691699+05:30	18	barbie	2	[]	8	13
111	2024-04-23 09:37:18.120517+05:30	114	arya@sample.com	2	[{"changed": {"fields": ["Is verified"]}}]	6	13
112	2024-04-23 12:11:25.215273+05:30	1	FollowedPrograms object (1)	1	[{"added": {}}]	11	13
113	2024-04-23 12:11:54.053361+05:30	2	FollowedPrograms object (2)	1	[{"added": {}}]	11	13
114	2024-04-23 12:12:03.112715+05:30	3	FollowedPrograms object (3)	1	[{"added": {}}]	11	13
115	2024-04-24 10:06:58.296119+05:30	3	Arya b - Programs: DTP, Strength lifting	2	[{"changed": {"fields": ["Program"]}}]	11	13
116	2024-04-24 18:20:55.22648+05:30	4	David Billa - Programs: DTP	1	[{"added": {}}]	11	13
117	2024-04-24 18:21:52.141402+05:30	3	Arya b - Programs: Strength lifting	2	[{"changed": {"fields": ["Program"]}}]	11	13
118	2024-04-24 18:22:26.712824+05:30	3	Arya b - Programs: DTP	2	[{"changed": {"fields": ["Program"]}}]	11	13
119	2024-04-25 13:03:55.993945+05:30	5	Sagar Jacky - Programs: DTP	1	[{"added": {}}]	11	13
120	2024-04-25 18:45:52.026451+05:30	1	davidbilla@sample.com	3		6	13
121	2024-04-25 18:46:54.800387+05:30	115	david@sample.com	2	[{"changed": {"fields": ["Is verified"]}}]	6	13
122	2024-04-25 18:48:00.793763+05:30	6	David Billa - Programs: DTP	1	[{"added": {}}]	11	13
123	2024-04-25 18:52:59.090327+05:30	115	david@sample.com	2	[{"changed": {"fields": ["Profile picture"]}}]	6	13
124	2024-04-25 18:53:55.456617+05:30	3	sagar@sample.com	3		6	13
125	2024-04-25 18:55:14.610203+05:30	116	sagaraliasjacky@sample.com	2	[{"changed": {"fields": ["Is verified"]}}]	6	13
126	2024-04-25 18:56:46.859321+05:30	7	Sagar Alias Jacky - Programs: DTP	1	[{"added": {}}]	11	13
127	2024-04-27 14:30:53.887173+05:30	27	lesson 54	3		10	13
128	2024-04-27 14:30:53.893191+05:30	26	lesson 13	3		10	13
129	2024-04-27 14:30:53.895298+05:30	25	lesson 1	3		10	13
130	2024-04-27 14:30:53.896301+05:30	24	lesson 8	3		10	13
131	2024-04-27 14:30:53.898345+05:30	23	lesson 23	3		10	13
132	2024-04-27 14:30:53.899371+05:30	22	new test	3		10	13
133	2024-04-27 14:30:53.900331+05:30	21	Lesson 1	3		10	13
134	2024-04-27 14:30:53.901193+05:30	20	lesson 5	3		10	13
135	2024-04-27 14:30:53.902194+05:30	19	lesson 4	3		10	13
136	2024-04-27 14:30:53.902194+05:30	18	lesson 4	3		10	13
137	2024-04-27 14:30:53.903191+05:30	17	Lesson 2	3		10	13
138	2024-04-27 14:30:53.904589+05:30	16	Lesson 1	3		10	13
139	2024-04-27 14:30:53.905481+05:30	15	lesson 12	3		10	13
140	2024-04-27 14:30:53.906375+05:30	14	lesson 11	3		10	13
141	2024-04-27 14:30:53.907254+05:30	13	lesson 10	3		10	13
142	2024-04-27 14:30:53.908118+05:30	12	lesson 8	3		10	13
143	2024-04-27 14:30:53.909053+05:30	11	lesson 17	3		10	13
144	2024-04-27 14:30:53.909967+05:30	10	lesson 6	3		10	13
145	2024-04-27 14:30:53.910875+05:30	9	lesson 5	3		10	13
146	2024-04-27 14:30:53.911785+05:30	8	lesson 4	3		10	13
147	2024-04-27 14:30:53.912789+05:30	7	lesson 4	3		10	13
148	2024-04-27 14:30:53.913787+05:30	6	Lesson 3	3		10	13
149	2024-04-27 14:30:53.915564+05:30	5	Lesson 2	3		10	13
150	2024-04-27 14:30:53.916433+05:30	4	lesson 1	3		10	13
151	2024-04-27 14:30:53.917184+05:30	3	lesson 3	3		10	13
152	2024-04-27 14:30:53.917184+05:30	2	lesson 18	3		10	13
153	2024-04-27 14:30:53.918184+05:30	1	new test	3		10	13
154	2024-04-27 14:47:48.476734+05:30	28	undefined	3		10	13
155	2024-05-01 10:34:57.468665+05:30	117	ashique@sample.com	2	[{"changed": {"fields": ["Is verified"]}}]	6	13
156	2024-05-01 23:54:24.998333+05:30	67	nischalkshaj6@gmail.com	3		6	13
157	2024-05-01 23:54:25.060366+05:30	66	nischalkshaj5@gmail.com	3		6	13
158	2024-05-01 23:54:25.06338+05:30	41	khan@sample.com	3		6	13
159	2024-05-01 23:54:25.064415+05:30	40	dizoosa@sample.com	3		6	13
160	2024-05-01 23:54:25.066381+05:30	39	ameen@sample.com	3		6	13
161	2024-05-01 23:54:25.068379+05:30	38	narayan@sample.com	3		6	13
162	2024-05-01 23:54:25.069379+05:30	37	aadi@sample.com	3		6	13
163	2024-05-01 23:54:25.070397+05:30	36	aswanth@sample.com	3		6	13
164	2024-05-01 23:54:25.071411+05:30	35	alan@sample.com	3		6	13
165	2024-05-01 23:54:25.072379+05:30	33	piku@sample.com	3		6	13
166	2024-05-01 23:54:25.073379+05:30	32	krishna@sample.com	3		6	13
167	2024-05-01 23:54:25.074421+05:30	31	gopika@sample.com	3		6	13
168	2024-05-01 23:54:25.075413+05:30	30	akhila@sample.com	3		6	13
169	2024-05-01 23:54:25.077064+05:30	29	samuel@sample.com	3		6	13
170	2024-05-01 23:54:25.077973+05:30	28	anoop@sample.com	3		6	13
171	2024-05-01 23:54:25.078987+05:30	26	jhon@sample.com	3		6	13
172	2024-05-01 23:54:25.079988+05:30	25	sdf@sample.com	3		6	13
173	2024-05-01 23:54:25.081019+05:30	24	mj@sample.com	3		6	13
174	2024-05-01 23:54:25.082986+05:30	23	arathy@sample.com	3		6	13
175	2024-05-01 23:54:25.083986+05:30	22	abi@sample.com	3		6	13
176	2024-05-01 23:54:25.084986+05:30	21	manav@sample.com	3		6	13
177	2024-05-01 23:54:25.087031+05:30	20	darma@sample.com	3		6	13
178	2024-05-01 23:54:25.089987+05:30	19	danush@sample.com	3		6	13
179	2024-05-01 23:54:25.090986+05:30	18	jessica@sample.com	3		6	13
180	2024-05-01 23:54:25.092026+05:30	17	harvey@sample.com	3		6	13
181	2024-05-01 23:54:25.092986+05:30	16	mike@sample.com	3		6	13
182	2024-05-01 23:54:25.094387+05:30	15	anandKumar@sample.com	3		6	13
183	2024-05-01 23:54:25.095431+05:30	14	adarsh@sample.com	3		6	13
184	2024-05-01 23:54:25.096955+05:30	12	aravind5@sample.com	3		6	13
185	2024-05-01 23:54:25.097987+05:30	11	aravind3@sample.com	3		6	13
186	2024-05-01 23:54:25.098986+05:30	10	aravind1@sample.com	3		6	13
187	2024-05-01 23:54:25.099953+05:30	9	aravind@sample.com	3		6	13
188	2024-05-01 23:54:25.100953+05:30	8	arefs	3		6	13
189	2024-05-01 23:54:25.101952+05:30	7	a	3		6	13
190	2024-05-01 23:54:25.102987+05:30	6	anil	3		6	13
191	2024-05-01 23:54:25.103986+05:30	5	anil@sample.com	3		6	13
192	2024-05-01 23:54:25.104983+05:30	4	sachin@sample.com	3		6	13
193	2024-05-01 23:55:34.391446+05:30	21	das	3		9	13
194	2024-05-01 23:55:34.402978+05:30	20	dfssd	3		9	13
195	2024-05-01 23:55:34.403976+05:30	17	test	3		9	13
196	2024-05-01 23:55:34.41201+05:30	16	new programme	3		9	13
197	2024-05-01 23:55:34.413976+05:30	15	dfasdf	3		9	13
198	2024-05-01 23:55:34.415014+05:30	14	scsdcsdc	3		9	13
199	2024-05-01 23:55:34.41598+05:30	13	sdsdsda	3		9	13
200	2024-05-01 23:55:34.41698+05:30	12	sdfsdf	3		9	13
201	2024-05-01 23:55:34.417981+05:30	11	dssddd	3		9	13
202	2024-05-01 23:55:34.419014+05:30	10	sdfas	3		9	13
203	2024-05-01 23:55:34.419999+05:30	9	jjjjjjjjjjd	3		9	13
204	2024-05-01 23:55:34.420981+05:30	8	wsdwew	3		9	13
205	2024-05-01 23:55:34.421979+05:30	7	hekko	3		9	13
206	2024-05-01 23:55:34.422977+05:30	6	Strength lifting	3		9	13
207	2024-05-01 23:55:34.423978+05:30	5	Meditation	3		9	13
208	2024-05-01 23:55:34.424981+05:30	4	calesthenics	3		9	13
209	2024-05-01 23:55:34.425978+05:30	3	DTP	3		9	13
210	2024-05-01 23:55:34.426979+05:30	2	yoga	3		9	13
211	2024-05-01 23:55:55.417553+05:30	3	Arya b - Programs: 	3		11	13
212	2024-05-01 23:55:55.45317+05:30	2	Arya b - Programs: 	3		11	13
213	2024-05-01 23:55:55.470958+05:30	1	Arya b - Programs: 	3		11	13
214	2024-05-02 09:31:01.693688+05:30	18	barbie	2	[{"changed": {"fields": ["Profile picture"]}}]	8	13
215	2024-05-02 09:31:38.607648+05:30	13	Kris	2	[{"changed": {"fields": ["Profile picture"]}}]	8	13
216	2024-05-02 09:31:48.54519+05:30	13	Kris	2	[]	8	13
217	2024-05-02 09:32:08.012525+05:30	14	vish	2	[{"changed": {"fields": ["Profile picture"]}}]	8	13
218	2024-05-02 10:11:01.048601+05:30	112	vyshnav.m345@gmail.com	2	[{"changed": {"fields": ["First name", "Last name"]}}]	6	13
219	2024-05-02 10:12:24.440561+05:30	14	Vishnu	2	[{"changed": {"fields": ["About"]}}]	8	13
220	2024-05-02 10:13:06.414638+05:30	14	Vishnu	2	[{"changed": {"fields": ["About"]}}]	8	13
221	2024-05-02 10:13:47.594142+05:30	18	barbie	2	[{"changed": {"fields": ["About"]}}]	8	13
222	2024-05-02 10:14:17.634635+05:30	13	Kris	2	[{"changed": {"fields": ["About"]}}]	8	13
223	2024-05-02 10:14:49.929145+05:30	13	Kris	2	[{"changed": {"fields": ["About"]}}]	8	13
224	2024-05-02 10:23:22.840243+05:30	14	Vishnu	2	[{"changed": {"fields": ["Profile picture"]}}]	8	13
225	2024-05-02 10:23:35.293277+05:30	13	Kris	2	[{"changed": {"fields": ["Profile picture"]}}]	8	13
226	2024-05-02 10:24:11.980121+05:30	14	Vishnu	2	[{"changed": {"fields": ["Profile picture"]}}]	8	13
227	2024-05-02 10:32:24.68136+05:30	23	Prey	3		9	13
228	2024-05-02 12:20:37.736056+05:30	8	ashique a - Programs: New DTP, DTP, Yoga With Adriene, Meditation for beginners	2	[]	11	13
229	2024-05-02 13:07:28.968207+05:30	118	bilal@sample.com	2	[{"changed": {"fields": ["Is verified"]}}]	6	13
230	2024-05-02 13:08:12.49838+05:30	118	bilal@sample.com	2	[]	6	13
231	2024-05-06 19:55:55.902242+05:30	11	barbie b: test 3	3		12	13
232	2024-05-06 19:55:55.909133+05:30	10	ashique a: testing two	3		12	13
233	2024-05-06 19:55:55.912149+05:30	9	barbie b: yes	3		12	13
234	2024-05-06 19:55:55.913626+05:30	8	ashique a: working	3		12	13
235	2024-05-06 19:55:55.914673+05:30	7	vishnu m: just chilling	3		12	13
236	2024-05-06 19:55:55.917641+05:30	6	vishnu m: nothing much	3		12	13
237	2024-05-06 19:55:55.918637+05:30	5	vishnu m: ya	3		12	13
238	2024-05-06 19:55:55.919734+05:30	4	vishnu m: i got some of them b	3		12	13
239	2024-05-06 19:55:55.920242+05:30	3	vishnu m: hai there	3		12	13
240	2024-05-06 19:55:55.921252+05:30	2	vishnu m: thanks for asking	3		12	13
241	2024-05-06 19:55:55.922287+05:30	1	vishnu m: i am fine 	3		12	13
242	2024-05-09 10:42:38.258271+05:30	27	barbie@gmail.com	2	[{"changed": {"fields": ["Logged in"]}}]	6	13
243	2024-05-09 10:43:22.500198+05:30	27	barbie@gmail.com	2	[{"changed": {"fields": ["Logged in"]}}]	6	13
244	2024-05-12 21:52:28.626809+05:30	14	barbie	2	[{"changed": {"fields": ["Online user ids"]}}]	7	13
245	2024-05-12 21:53:11.587179+05:30	102	David	2	[{"changed": {"fields": ["Online user ids"]}}]	7	13
246	2024-05-14 15:49:43.029729+05:30	564	Kris Gethin: Sent a Audio message	1	[{"added": {}}]	12	13
247	2024-05-14 15:50:10.889689+05:30	564	Kris Gethin: Sent a Audio message	2	[{"changed": {"fields": ["Media file"]}}]	12	13
248	2024-05-14 15:53:47.848614+05:30	564	Kris Gethin: Sent a Audio message	2	[]	12	13
249	2024-05-15 20:29:10.202318+05:30	32	Weight Lifting for beginners	1	[{"added": {}}]	9	13
250	2024-05-15 20:29:24.864468+05:30	31	sdfsdf	2	[{"changed": {"fields": ["Price"]}}]	9	13
251	2024-05-15 20:29:31.24286+05:30	31	sdfsdf	2	[]	9	13
252	2024-05-16 19:26:10.245874+05:30	13	admin@sample.com	2	[{"changed": {"fields": ["Is verified"]}}]	6	13
253	2024-05-17 17:40:35.366081+05:30	120	test@gmail.com	2	[{"changed": {"fields": ["Is verified"]}}]	6	13
254	2024-05-17 19:23:20.852455+05:30	126	appuk@sample.com	2	[{"changed": {"fields": ["Is verified"]}}]	6	13
255	2024-05-18 09:35:26.882599+05:30	133	k@sample.com	3		6	13
256	2024-05-18 09:35:26.900113+05:30	132	h@sample.com	3		6	13
257	2024-05-18 09:35:26.901119+05:30	131	kk@sample.com	3		6	13
258	2024-05-18 09:35:26.903123+05:30	130	anandhu@sample.com	3		6	13
259	2024-05-18 09:35:26.905113+05:30	129	nandu@sample.com	3		6	13
260	2024-05-18 09:35:26.907113+05:30	128	acer@sample.com	3		6	13
261	2024-05-18 09:35:26.908115+05:30	127	asus@sample.com	3		6	13
262	2024-05-18 09:35:26.910118+05:30	126	appuk@sample.com	3		6	13
263	2024-05-18 09:35:26.911115+05:30	125	ashok@sample.com	3		6	13
264	2024-05-18 09:35:26.912115+05:30	124	byju@sample.com	3		6	13
265	2024-05-18 09:35:26.913113+05:30	123	akhil4@demo.com	3		6	13
266	2024-05-18 09:35:26.915116+05:30	122	akhil3@demo.com	3		6	13
267	2024-05-18 09:35:26.916116+05:30	121	akhil@demo.com	3		6	13
268	2024-05-18 09:35:26.917115+05:30	119	nischalkshaj5@gmail.com	3		6	13
269	2024-05-21 14:12:19.646279+05:30	1	David completed lesson 26-1 of program Meditation for beginners	2	[]	16	13
270	2024-05-21 14:13:58.902749+05:30	2	David completed lesson 26-1 of program Meditation for beginners	3		16	13
\.


--
-- Data for Name: django_content_type; Type: TABLE DATA; Schema: public; Owner: postgres
--

COPY public.django_content_type (id, app_label, model) FROM stdin;
1	admin	logentry
2	auth	permission
3	auth	group
4	contenttypes	contenttype
5	sessions	session
6	user	useraccount
7	user	profile
8	trainer	trainer_profile
9	fitness_program	fitnessprogram
10	fitness_program	lesson
11	user	followedprograms
12	chat	chatmessage
13	chat	notification
14	user	programfollowers
15	fitness_program	publishrequest
16	fitness_program	progress
\.


--
-- Data for Name: django_migrations; Type: TABLE DATA; Schema: public; Owner: postgres
--

COPY public.django_migrations (id, app, name, applied) FROM stdin;
1	contenttypes	0001_initial	2024-03-14 18:58:53.059909+05:30
2	contenttypes	0002_remove_content_type_name	2024-03-14 18:58:53.071003+05:30
3	auth	0001_initial	2024-03-14 18:58:53.132273+05:30
4	auth	0002_alter_permission_name_max_length	2024-03-14 18:58:53.136782+05:30
5	auth	0003_alter_user_email_max_length	2024-03-14 18:58:53.144787+05:30
6	auth	0004_alter_user_username_opts	2024-03-14 18:58:53.148775+05:30
7	auth	0005_alter_user_last_login_null	2024-03-14 18:58:53.15573+05:30
8	auth	0006_require_contenttypes_0002	2024-03-14 18:58:53.157726+05:30
9	auth	0007_alter_validators_add_error_messages	2024-03-14 18:58:53.165739+05:30
10	auth	0008_alter_user_username_max_length	2024-03-14 18:58:53.170692+05:30
11	auth	0009_alter_user_last_name_max_length	2024-03-14 18:58:53.176675+05:30
12	auth	0010_alter_group_name_max_length	2024-03-14 18:58:53.184687+05:30
13	auth	0011_update_proxy_permissions	2024-03-14 18:58:53.189641+05:30
14	auth	0012_alter_user_first_name_max_length	2024-03-14 18:58:53.195661+05:30
15	user	0001_initial	2024-03-14 18:58:53.25427+05:30
16	admin	0001_initial	2024-03-14 18:58:53.280989+05:30
17	admin	0002_logentry_remove_auto_add	2024-03-14 18:58:53.286969+05:30
18	admin	0003_logentry_add_action_flag_choices	2024-03-14 18:58:53.297971+05:30
19	sessions	0001_initial	2024-03-14 18:58:53.316733+05:30
20	user	0002_alter_useraccount_email_profile	2024-03-15 20:17:21.901729+05:30
21	user	0003_alter_profile_age_alter_profile_user	2024-03-16 10:29:37.434467+05:30
22	user	0004_useraccount_profile_picture	2024-03-25 10:23:44.320406+05:30
23	user	0005_useraccount_created_at_useraccount_is_verified_and_more	2024-04-05 17:28:24.336635+05:30
24	user	0006_useraccount_is_trainer	2024-04-08 20:14:34.965831+05:30
25	trainer	0001_initial	2024-04-09 09:45:20.670825+05:30
26	trainer	0002_trainer_profile_country	2024-04-09 11:17:54.272338+05:30
27	trainer	0003_alter_trainer_profile_specalized	2024-04-10 14:20:09.987605+05:30
28	fitness_program	0001_initial	2024-04-10 14:20:10.092992+05:30
29	fitness_program	0002_fitnessprogram_level	2024-04-15 19:07:11.706565+05:30
30	fitness_program	0003_alter_fitnessprogram_category_lesson	2024-04-16 18:46:16.851943+05:30
31	fitness_program	0004_alter_lesson_program	2024-04-22 17:20:27.72446+05:30
32	trainer	0004_trainer_profile_profile_picture	2024-04-22 17:20:27.737169+05:30
33	user	0007_followedprograms	2024-04-23 11:35:57.825633+05:30
34	user	0008_followedprograms_created_on_followedprograms_status	2024-04-24 15:09:52.828762+05:30
35	user	0009_alter_followedprograms_created_on	2024-04-24 15:41:25.349203+05:30
36	fitness_program	0005_lesson_lesson_number	2024-04-27 14:31:26.860384+05:30
37	fitness_program	0006_alter_lesson_lesson_number	2024-04-27 15:30:14.930141+05:30
38	chat	0001_initial	2024-05-06 16:01:03.574987+05:30
39	user	0010_useraccount_logged_in	2024-05-09 10:13:08.664108+05:30
40	chat	0002_notification	2024-05-09 13:28:56.570041+05:30
41	chat	0003_notification_seen	2024-05-09 19:46:51.708375+05:30
42	user	0011_profile_online_user_ids	2024-05-11 15:49:55.938639+05:30
43	chat	0004_chatmessage_data_chatmessage_type	2024-05-14 14:29:15.149546+05:30
44	chat	0005_remove_chatmessage_data_chatmessage_image_and_more	2024-05-14 15:39:15.720139+05:30
45	fitness_program	0007_fitnessprogram_price	2024-05-15 20:26:48.648543+05:30
46	user	0012_programfollowers	2024-05-16 12:25:12.784298+05:30
47	user	0013_delete_programfollowers	2024-05-16 12:28:21.742964+05:30
48	user	0014_useraccount_blocked	2024-05-16 16:10:56.441142+05:30
49	fitness_program	0008_fitnessprogram_is_published	2024-05-17 09:04:56.984481+05:30
50	fitness_program	0009_alter_fitnessprogram_is_published	2024-05-17 10:33:42.352507+05:30
51	fitness_program	0010_publishrequest	2024-05-17 11:38:37.265167+05:30
52	fitness_program	0011_progress	2024-05-21 13:14:10.545463+05:30
\.


--
-- Data for Name: django_session; Type: TABLE DATA; Schema: public; Owner: postgres
--

COPY public.django_session (session_key, session_data, expire_date) FROM stdin;
r2vvh33pk29rpv15sfhc964yzlr9a8kv	.eJxVjEsOwjAMBe-SNYqUT2OXJXvOENmxSwsokfpZIe4OlbqA7ZuZ9zKZtnXM26JznsScjQvm9DsylYfWncid6q3Z0uo6T2x3xR50sdcm-rwc7t_BSMv4rcEhBoelDMl76LtIEYAdSSq-9KQg6JTYyaCYuBu6FAMogAAyes_m_QH_Hjgh:1rl8sb:_QvI_j539pNc-5z6yU2tSeX3BIX7796rAhZcc61jIxI	2024-03-29 20:19:53.711052+05:30
qbe2nhelgx35t7rjwylrq71dkm2ove0o	.eJxVjEsOwjAMBe-SNYqUT2OXJXvOENmxSwsokfpZIe4OlbqA7ZuZ9zKZtnXM26JznsScjQvm9DsylYfWncid6q3Z0uo6T2x3xR50sdcm-rwc7t_BSMv4rcEhBoelDMl76LtIEYAdSSq-9KQg6JTYyaCYuBu6FAMogAAyes_m_QH_Hjgh:1rseg1:1zmVXid7-nFhxqfSJ6x-7yVB5kZkmxhD6bmUnFch4a8	2024-04-19 13:41:57.564214+05:30
8o9uexipxg1twvkcosa35dalnlzasteg	.eJxVjEsOwjAMBe-SNYqUT2OXJXvOENmxSwsokfpZIe4OlbqA7ZuZ9zKZtnXM26JznsScjQvm9DsylYfWncid6q3Z0uo6T2x3xR50sdcm-rwc7t_BSMv4rcEhBoelDMl76LtIEYAdSSq-9KQg6JTYyaCYuBu6FAMogAAyes_m_QH_Hjgh:1rtqJf:5XZOt0STpb_Z32lMAvUD2wbAkszaKiFJvflsKvMtdt0	2024-04-22 20:19:47.675947+05:30
iyw7u762d8wnogwffyq4abivuwjdd853	.eJxVjEsOwjAMBe-SNYqUT2OXJXvOENmxSwsokfpZIe4OlbqA7ZuZ9zKZtnXM26JznsScjQvm9DsylYfWncid6q3Z0uo6T2x3xR50sdcm-rwc7t_BSMv4rcEhBoelDMl76LtIEYAdSSq-9KQg6JTYyaCYuBu6FAMogAAyes_m_QH_Hjgh:1rz7E9:UiPxlKUOE5D7KLK9HBF_lDcmMGqLzffVSNXhCjJIPdM	2024-05-07 09:23:53.357665+05:30
czg82ft8mqalw7xsldu3ectk5je55pgc	.eJxVjEsOwjAMBe-SNYqUT2OXJXvOENmxSwsokfpZIe4OlbqA7ZuZ9zKZtnXM26JznsScjQvm9DsylYfWncid6q3Z0uo6T2x3xR50sdcm-rwc7t_BSMv4rcEhBoelDMl76LtIEYAdSSq-9KQg6JTYyaCYuBu6FAMogAAyes_m_QH_Hjgh:1s227p:ehaP15BhK4tkZur3Eo8z9IefLY7WAt65uqE02s0Zk0E	2024-05-15 10:33:25.213724+05:30
39z30pjkjfez2yd94m8wqn4rukky9ly2	.eJxVjEsOwjAMBe-SNYqUT2OXJXvOENmxSwsokfpZIe4OlbqA7ZuZ9zKZtnXM26JznsScjQvm9DsylYfWncid6q3Z0uo6T2x3xR50sdcm-rwc7t_BSMv4rcEhBoelDMl76LtIEYAdSSq-9KQg6JTYyaCYuBu6FAMogAAyes_m_QH_Hjgh:1s76qO:jGkU9nEozgwpD4cx5D4tbPD8qQQ4_O02NmO0BOHl5Xs	2024-05-29 10:36:24.189409+05:30
\.


--
-- Data for Name: fitness_program_fitnessprogram; Type: TABLE DATA; Schema: public; Owner: postgres
--

COPY public.fitness_program_fitnessprogram (id, program_name, description, duration, created_on, updated_on, cover_image, category, trainer_id, level, price, is_published) FROM stdin;
29	Intermediate Yoga	Yoga For Everyone: A to Z of Yoga	45	2024-05-10 15:16:58.662041+05:30	2024-05-10 15:16:58.662041+05:30	fitness_programs/images/TTC-1-400x267.jpg	Yoga	18	Intermediate	100	t
30	Advanced Meditation	Meditation For Everyone : Beginner to Advanced	75	2024-05-10 15:24:15.256411+05:30	2024-05-10 15:24:15.256411+05:30	fitness_programs/images/yoga-day_21687313273076.jpg	Other	18	Advance	100	t
26	Meditation for beginners	Take a moment and let this guided meditation relieve your anxiety.\r\n\r\nWritten and Narrated by John Davisi. John is a mindfulness life coach, teacher, and speaker.	5	2024-05-02 11:59:20.718498+05:30	2024-05-17 10:16:52.697532+05:30	fitness_programs/images/yoga.jpg	Other	18	Beginner	100	t
25	Yoga With Adriene	In this 30-minute session for beginners, we will work with breath and other foundational elements to set you up for a sustainable and beneficial practice you enjoy! Set to a good pace, we will focus on form and function to increase flexibility, build strength, and regulate the nervous system. Repeat this session with consistency and watch your breath and body transform. \r\n\r\nYoga is for everyone! The hardest part is showing up. \r\n\r\nThis class is perfect for all beginners or anyone wanting to move more slowly and mindfully.	7	2024-05-02 09:19:50.497235+05:30	2024-05-17 10:16:53.882121+05:30	fitness_programs/images/1_goSdv-CrgX-qU72AitJY9w.jpg	Yoga	18	Beginner	100	t
28	specialized Yoga	Advanced yoga for Everyone	30	2024-05-10 15:11:53.394526+05:30	2024-05-17 09:44:07.020167+05:30	fitness_programs/images/yoga_1.webp	Yoga	18	Advance	100	t
22	New DTP	TESTING A NEW AND IMPORVED DTP WORKOUT	48	2024-04-25 19:14:44.95718+05:30	2024-05-17 10:16:55.850859+05:30	fitness_programs/images/4weeks2shred-logo-header-640xh_1_2SKg5bU.jpg	Strength Training	13	Intermediate	100	t
31	sdfsdf	safdkjlndskkcl	43	2024-05-13 16:23:54+05:30	2024-05-17 10:31:37.660029+05:30	fitness_programs/images/e7e89445-33db-4a31-973b-91172593c45f.jpg	Other	13	Intermediate	0	f
32	Weight Lifting for beginners	A comprehensive step by step weight lifting program totally designed for beginners	41	2024-05-15 20:27:40+05:30	2024-05-17 10:16:39.920341+05:30	fitness_programs/images/gethin-muscle-building-logo-header-640xh.jpg	Strength Training	13	Beginner	45	t
27	yoga	ksdjhfskdhf	54	2024-05-02 15:39:48.187434+05:30	2024-05-17 10:16:51.775732+05:30	fitness_programs/images/1_About_Header.jpg	Yoga	13	Intermediate	100	t
34	TDP Meditation	test	5	2024-05-17 10:53:21.003592+05:30	2024-05-17 12:20:41.691418+05:30	fitness_programs/images/1_About_Header_oL6qIyR.jpg	Yoga	18	Beginner	500	t
33	new program	test	4	2024-05-17 10:49:30.536781+05:30	2024-05-17 12:41:00.763001+05:30	fitness_programs/images/yoga_CQI8Rpv.jpg	Pilates	18	Advance	350	t
24	DTP	What You Need to Know About Kris Gethins DTP Training Technique\r\nThe Dramatic Transformation Principle is a training system I devised after years of research, application, and analysis of its effectiveness. DTP, as it is better known, has played a fundamental role in transforming over 150 million lives, a statistic which thoroughly supports the undeniable impact of this training approach. Even though the reach of DTP spans across the globe, many people still have questions about this training strategy. Every day on the Kaged social media pages, people request more information on DTP, which is what led me to write this article. After reading this, youll have no uncertainties around the benefits of DTP training; furthermore, youll be able to apply it to your own training for maximum effects.	11	2024-05-01 23:59:11.579136+05:30	2024-05-17 10:16:55.039416+05:30	fitness_programs/images/gethin-dtp-logo-header-640xh_PF3xC4y.jpg	Strength Training	13	Beginner	100	t
35	Heavy weight Workout	New advanced workout regime for professionals	60	2024-05-17 13:53:04.360162+05:30	2024-05-17 14:01:49.275495+05:30	fitness_programs/images/4weeks2shred-logo-header-640xh_fhNb04D.jpg	Strength Training	13	Advance	600	t
36	qwerty	sfvjkhfvf	30	2024-05-18 12:15:40.667019+05:30	2024-05-18 12:17:22.041723+05:30	fitness_programs/images/testimonials-4.jpg	Strength Training	18	Intermediate	343	t
\.


--
-- Data for Name: fitness_program_lesson; Type: TABLE DATA; Schema: public; Owner: postgres
--

COPY public.fitness_program_lesson (id, title, image, description, video_url, created_at, updated_at, program_id, lesson_number) FROM stdin;
49	Lesson 6	fitness_programs/lessons/maxresdefault_1.jpg	Day 6 of the Dramatic Transformation Principle (DTP) training system is cross training and plyometrics. This involves completing two circuits of each station for one minute, with a 3060 second rest between circuits. \r\n\r\nDTP is a training system that combines high and low rep ranges to target both fast and slow twitch muscle fibers, which can help define and enhance muscles. The DTP training pyramid engages all types of muscle fibers, so it requires a lot of energy during and after a workout.	https://www.youtube.com/watch?v=suOH7NPeRpY&list=PLAnGJL_MpPPBiPxiI2GZNSaWSuIn-7FTr&index=6	2024-05-02 00:11:56.3225+05:30	2024-05-02 00:11:56.3225+05:30	24	24-6
44	Lesson 1	fitness_programs/lessons/664b531ebc741f4bc6c27f00b67624c2_1.jpg	Day 1 of DTP (Dramatic Transformation Principle) training focuses on the legs and upper abs. A DTP training routine for day 1 may include the following leg press exercises: Set 1: 50 repetitions, Set 2: 40 repetitions, Set 3: 30 repetitions, Set 4: 20 repetitions, and Set 5: 10 repetitions.	https://www.youtube.com/watch?v=cirjTTE7Qnw&list=PLAnGJL_MpPPBiPxiI2GZNSaWSuIn-7FTr&index=1	2024-05-02 00:03:55.606783+05:30	2024-05-02 00:03:55.606783+05:30	24	24-1
45	Lesson 2	fitness_programs/lessons/c18407ddb535eddfa574ec7c733bc27a.jpg	Day 2 of Kris Gethin's Dramatic Transformation Principle (DTP) chest and tricep workout includes: Flat dumbbell press and Incline dumbbell press.\r\nDTP is a training system that combines weights, rep schemes, and advanced workout techniques to build muscle and burn fat. It uses a unique pyramid protocol and high and low rep ranges to produce fast results. Regular DTP use can quickly improve cardiovascular fitness by making the heart more efficient at distributing oxygenated blood.	https://www.youtube.com/watch?v=gOO2LIGBhYQ&list=PLAnGJL_MpPPBiPxiI2GZNSaWSuIn-7FTr&index=2	2024-05-02 00:05:19.11321+05:30	2024-05-02 00:05:19.11321+05:30	24	24-2
46	Lesson 3	fitness_programs/lessons/dtp_640_legs_day1.webp	Day 3 of the Dramatic Transformation Principle (DTP) workout focuses on the chest and back. One example of a DTP day 3 workout includes:\r\nIncline dumbbell press: 5 sets of 30, 20, 10, 5, and 5 reps\r\nT-bar rows: Set 1: 35 reps, Set 2: 30 reps \r\nDTP is a training system that combines high and low rep ranges to help people build muscle and lose fat quickly. The DTP training pyramid engages all types of muscle fibers, which requires a lot of energy during and after a workout.	https://www.youtube.com/watch?v=kmZ7CCWi_VQ&list=PLAnGJL_MpPPBiPxiI2GZNSaWSuIn-7FTr&index=3	2024-05-02 00:06:38.376468+05:30	2024-05-02 00:06:38.376468+05:30	24	24-3
47	Lesson 4	fitness_programs/lessons/hq720.jpg	DTP, or Dramatic Transformation Principle, is a training system that involves a unique pyramid protocol where you only do 1-2 exercises per session. DTP training is done four days a week, with cardio days between each weight session. DTP targets both fast twitch and slow twitch muscle fibers to enhance and define muscles.	https://www.youtube.com/watch?v=aGRfJQNWiMU&list=PLAnGJL_MpPPBiPxiI2GZNSaWSuIn-7FTr&index=4	2024-05-02 00:07:24.028348+05:30	2024-05-02 00:07:24.028348+05:30	24	24-4
48	Lesson 5	fitness_programs/lessons/kris_gethin_and_kaged_muscle.png	According to a PDF on Scribd, day 5 of DTP (Dramatic Transformation Principle) training focuses on arms and lower abs. One exercise for day 5 is a standing biceps cable curl superset.\r\nDTP training is a combination of advanced workout techniques, weights, and rep schemes. The training pyramid used in DTP engages all types of muscle fibers, which requires a lot of energy during and after a workout.	https://www.youtube.com/watch?v=NfrFL__uhTk&list=PLAnGJL_MpPPBiPxiI2GZNSaWSuIn-7FTr&index=5	2024-05-02 00:08:27.307156+05:30	2024-05-02 00:08:27.307156+05:30	24	24-5
50	Lesson 7	fitness_programs/lessons/maxresdefault_2.jpg	Day 7 of the Dramatic Transformation Principle (DTP) workout is a shoulder and upper traps superset that includes a behind neck press. DTP is a training system that combines high and low rep ranges to target both fast and slow twitch muscle fibers, which can help define and enhance muscles. DTP can help with fat loss, blood sugar management, and insulin sensitivity.	https://www.youtube.com/watch?v=ZqSeu8zi3ew&list=PLAnGJL_MpPPBiPxiI2GZNSaWSuIn-7FTr&index=7	2024-05-02 00:12:52.133868+05:30	2024-05-02 00:12:52.133868+05:30	24	24-7
51	Lesson 8	fitness_programs/lessons/maxresdefault.jpg	Day 8 of Kris Gethin's DTP (Dramatic Transformation Principle) chest and tricep workout includes the following exercises:\r\nFlat dumbbell press\r\nFlat bench dumbbell fly\r\nIncline cable fly\r\nCable chest crossover\r\nTricep push down\r\nReverse cable push down \r\n\r\nDTP training is said to be effective for building muscle and burning fat. It uses a unique training pyramid that engages all muscle fibers, which requires a lot of energy during and after a workout. Regular DTP use can also improve cardiovascular fitness by making the heart more efficient at distributing oxygenated blood.	https://www.youtube.com/watch?v=1svyRq40JQc&list=PLAnGJL_MpPPBiPxiI2GZNSaWSuIn-7FTr&index=8	2024-05-02 00:15:45.619004+05:30	2024-05-02 00:15:45.619004+05:30	24	24-8
52	Lesson 9	fitness_programs/lessons/sddefault_1.jpg	Day 9 of the Dramatic Transformation Principle (DTP) training system involves cross training and plyometrics. Here are some exercises to perform on day 9:\r\nKettlebell swings, Tire flip, Bear crawls, Punching bag, Squat thrusts, Burpees, Staggered lunges, Staggered pushups, Skipping, and Clean and jerk.	https://www.youtube.com/watch?v=RahueZU19ww&list=PLAnGJL_MpPPBiPxiI2GZNSaWSuIn-7FTr&index=9	2024-05-02 00:16:40.441736+05:30	2024-05-02 00:16:40.441736+05:30	24	24-9
55	Lesson 1	fitness_programs/lessons/adrienelouise-157242102-283084369878306-3355124507412472068-n-1_FjoyQRb.jpg	In this 30-minute session for beginners, we will work with breath and other foundational elements to set you up for a sustainable and beneficial practice you enjoy! Set to a good pace, we will focus on form and function to increase flexibility, build strength, and regulate the nervous system. Repeat this session with consistency and watch your breath and body transform. \r\n\r\nYoga is for everyone! The hardest part is showing up. \r\n\r\n\r\nThis class is perfect for all beginners or anyone wanting to move more slowly and mindfully.	https://www.youtube.com/watch?v=AB3Y-4a3ZrU&list=PLui6Eyny-UzzWwB4h9y7jAzLbeuCUczAl	2024-05-02 09:20:39.319119+05:30	2024-05-02 09:20:39.319119+05:30	25	25-1
56	Lesson 2	fitness_programs/lessons/Fry-YogaWithAdriene.webp	This sequence is beginner friendly and with a focus on FOUNDATION and FLEXIBILITY. Hop on the mat and start to build the foundation of your own yoga practice with this 40 minute Yoga \r\nYoga With Adriene, LLC recommends that you consult your physician regarding the applicability of any recommendations and follow all safety instructions before beginning any exercise program. When participating in any exercise or exercise program, there is the possibility of physical injury. If you engage in this exercise or exercise program, you agree that you do so at your own risk, are voluntarily participating in these activities, and assume all risk of injury to yourself.	https://www.youtube.com/watch?v=OQ6NfFIr2jw&list=PLui6Eyny-UzzWwB4h9y7jAzLbeuCUczAl&index=2	2024-05-02 09:25:06.704819+05:30	2024-05-02 09:25:06.704819+05:30	25	25-2
57	Lesson 3	fitness_programs/lessons/maxresdefault_UnjHEOR.jpg	Yoga for Complete Beginners! Adriene welcomes all levels - complete and total beginners to start here! Hop on the mat and start to build the foundation of your own yoga practice with this 20 minute home workout video! Enjoy, stay mindful and find what feels good. \r\n\r\nYoga With Adriene, LLC recommends that you consult your physician regarding the applicability of any recommendations and follow all safety instructions before beginning any exercise program. When participating in any exercise or exercise program, there is the possibility of physical injury. If you engage in this exercise or exercise program, you agree that you do so at your own risk, are voluntarily participating in these activities, and assume all risk of injury to yourself.	https://www.youtube.com/watch?v=v7AYKMP6rOE&list=PLui6Eyny-UzzWwB4h9y7jAzLbeuCUczAl&index=3	2024-05-02 09:26:44.611547+05:30	2024-05-02 09:26:44.611547+05:30	25	25-3
58	Lesson 4	fitness_programs/lessons/tdy_health_smith_yoga_200102_1920x1080.jpg	Yoga for Complete Beginners! Adriene welcomes all levels - complete and total beginners to start here! Hop on the mat and start to build the foundation of your own yoga practice with this 20 minute home workout video! Enjoy, stay mindful and find what feels good. \r\n\r\nYoga With Adriene, LLC recommends that you consult your physician regarding the applicability of any recommendations and follow all safety instructions before beginning any exercise program. When participating in any exercise or exercise program, there is the possibility of physical injury. If you engage in this exercise or exercise program, you agree that you do so at your own risk, are voluntarily participating in these activities, and assume all risk of injury to yourself.	https://www.youtube.com/watch?v=pWobp3phsEU&list=PLui6Eyny-UzzWwB4h9y7jAzLbeuCUczAl&index=4	2024-05-02 09:27:23.509303+05:30	2024-05-02 09:27:23.509303+05:30	25	25-4
59	Lesson 5	fitness_programs/lessons/unnamed.jpg	Yoga for Complete Beginners! Adriene welcomes all levels - complete and total beginners to start here! Hop on the mat and start to build the foundation of your own yoga practice with this 20 minute home workout video! Enjoy, stay mindful and find what feels good. \r\n\r\nYoga With Adriene, LLC recommends that you consult your physician regarding the applicability of any recommendations and follow all safety instructions before beginning any exercise program. When participating in any exercise or exercise program, there is the possibility of physical injury. If you engage in this exercise or exercise program, you agree that you do so at your own risk, are voluntarily participating in these activities, and assume all risk of injury to yourself.	https://www.youtube.com/watch?v=VI-BbATfLXo&list=PLui6Eyny-UzzWwB4h9y7jAzLbeuCUczAl&index=5	2024-05-02 09:28:03.295179+05:30	2024-05-02 09:28:03.295179+05:30	25	25-5
60	Lesson 1	fitness_programs/lessons/download.jpg	Take a moment and let this guided meditation relieve your anxiety.\r\n\r\nWritten and Narrated by John Davisi. John is a mindfulness life coach, teacher, and speaker.	https://www.youtube.com/watch?v=O-6f5wQXSu8&list=PLQiGxGHwiuD1kdxsWKFuhE0rITIXe-7yC&index=1	2024-05-02 12:00:04.982386+05:30	2024-05-02 12:00:04.982386+05:30	26	26-1
61	Lesson 2	fitness_programs/lessons/107178740-1673644452489-gettyimages-1388419349-img_5093.jpeg	Take a moment and let this guided meditation relieve your anxiety.\r\n\r\nWritten and Narrated by John Davisi. John is a mindfulness life coach, teacher, and speaker.	https://www.youtube.com/watch?v=inpok4MKVLM&list=PLQiGxGHwiuD1kdxsWKFuhE0rITIXe-7yC&index=2	2024-05-02 12:01:17.200757+05:30	2024-05-02 12:01:17.200757+05:30	26	26-2
62	Lesson 3	fitness_programs/lessons/girl-meditating.jpg	Close your eyes and release all the negative thoughts that you have been holding on to. It's time from some self-love.	https://www.youtube.com/watch?v=itZMM5gCboo&list=PLQiGxGHwiuD1kdxsWKFuhE0rITIXe-7yC&index=3	2024-05-02 12:03:24.67831+05:30	2024-05-02 12:03:24.67831+05:30	26	26-3
63	Lesson 4	fitness_programs/lessons/meditation-in-living-room-happy-zen-1296x728-header.webp	If you are feeling restless, listen to this guided meditation to ease your mind and body into falling asleep.	https://www.youtube.com/watch?v=aEqlQvczMJQ&list=PLQiGxGHwiuD1kdxsWKFuhE0rITIXe-7yC&index=4	2024-05-02 12:04:00.425373+05:30	2024-05-02 12:04:22.565913+05:30	26	26-4
64	Lesson 5	fitness_programs/lessons/GettyImages-938890492-becc3fc4757849bea672f148454943f9.jpg	Written and Narrated by John Davisi. John is a mindfulness life coach, teacher, and speaker.	https://www.youtube.com/watch?v=U9YKY7fdwyg&list=PLQiGxGHwiuD1kdxsWKFuhE0rITIXe-7yC&index=5	2024-05-02 12:05:17.523208+05:30	2024-05-02 12:05:17.523208+05:30	26	26-5
65	Lesson 1	fitness_programs/lessons/1_About_Header_306Aepv.jpg	test	https://www.youtube.com/watch?v=RahueZU19ww&list=PLrP956kRpE86ldzj7B6eLtpXljam-e1YT	2024-05-02 15:40:31.021805+05:30	2024-05-02 15:40:31.021805+05:30	27	27-1
66	lesson 1	fitness_programs/lessons/c747cab2-9588-42e8-afd4-b1c5fcd8868a.jpg	ewdsfdwef	https://www.youtube.com/watch?v=149Iac5fmoE	2024-05-13 16:26:28.623491+05:30	2024-05-13 16:26:28.623491+05:30	31	31-1
67	Lesson 2	fitness_programs/lessons/Netflix_signin.jpg	11221daFD	https://www.youtube.com/watch?v=QOsyuKOo7pY&list=PLrP956kRpE	2024-05-13 16:27:01.550769+05:30	2024-05-13 16:27:48.982777+05:30	31	31-31-2
68	Lesson 1	fitness_programs/lessons/How-to-Promote-your-Gym-in-The-Local-Community_nzYX0Ko.jpg	first lesson is stretching	https://www.youtube.com/watch?v=NJU8dcCacRY	2024-05-17 10:51:05.409015+05:30	2024-05-17 10:51:05.409015+05:30	33	33-1
69	Lesson 1	fitness_programs/lessons/before-after-body-building-fitness-transformation-38-591452f2939cd__700.jpg	first lesson in this series	https://www.youtube.com/watch?v=z6Jvypce5pU	2024-05-17 13:54:17.192967+05:30	2024-05-17 13:54:17.192967+05:30	35	35-1
70	Lessson 2	fitness_programs/lessons/before-after-body-building-fitness-transformation-44-59155bbd2b805__700.jpg	Advanced Shoulder Training Techniques	https://www.youtube.com/watch?v=kwxdu2-qsIU	2024-05-17 14:00:25.661834+05:30	2024-05-17 14:04:56.147511+05:30	35	35-2
72	Lesson 2	fitness_programs/lessons/billa.jpg	kjjl	https://www.youtube.com/watch?v=149Iac5fmoE	2024-05-18 12:10:34.759365+05:30	2024-05-18 12:10:34.759365+05:30	29	29-2
71	Lesson1	fitness_programs/lessons/e7e89445-33db-4a31-973b-91172593c45f.jpg	dfsdfgdsfgf	https://www.youtube.com/watch?v=QOsyuKOo7pY&list=PLrP956kRpE86ldzj7Bdfkjhskfjgksjhfg	2024-05-18 12:10:06.132971+05:30	2024-05-18 12:19:23.054826+05:30	29	29-29-1
\.


--
-- Data for Name: fitness_program_progress; Type: TABLE DATA; Schema: public; Owner: postgres
--

COPY public.fitness_program_progress (id, updated_at, is_completed, current_lesson_id, program_id, user_id) FROM stdin;
1	2024-05-21 14:12:19.640278+05:30	t	60	26	115
\.


--
-- Data for Name: fitness_program_publishrequest; Type: TABLE DATA; Schema: public; Owner: postgres
--

COPY public.fitness_program_publishrequest (id, created_at, approved, sender_id) FROM stdin;
34	2024-05-17 12:20:41.68379+05:30	f	27
33	2024-05-17 11:51:21.153498+05:30	t	27
35	2024-05-17 14:01:39.565161+05:30	t	109
36	2024-05-18 12:17:05.777548+05:30	t	27
\.


--
-- Data for Name: trainer_trainer_profile; Type: TABLE DATA; Schema: public; Owner: postgres
--

COPY public.trainer_trainer_profile (id, specalized, phone, about, certifications, experience_years, rating, user_id, country, profile_picture) FROM stdin;
18	Meditation	7894561238	A meditation instructor is someone who is knowledgeable about stress and its effects on the body, mind, and spirit.	fitness trainer certified from fitness federation of India	5	\N	27	land Islands	trainer/images/yoga-day_21687313273076.jpg
13	General_fitness	6282997737	The world's number one transformation Coach, with over 70 million followers	fitness trainer certified from fitness federation of India	8	\N	109	Bahrain	trainer/images/kris_gethin_68FGmur.jpg
14	Yoga	9999444499	A yoga trainer, or yoga instructor, is a fitness and wellness professional who leads group yoga classes.	fitness trainer certified from fitness federation of India	8	\N	112	Anguilla	trainer/images/kris-gethin-coach-square-headshot-1200x1200-200x200_3wWidRZ.jpg
19	Weight Training	1234567890	Nothing	fitness trainer certified from fitness federation of India	2	\N	120	India	
\.


--
-- Data for Name: user_followedprograms; Type: TABLE DATA; Schema: public; Owner: postgres
--

COPY public.user_followedprograms (id, user_id, created_on, status) FROM stdin;
6	115	2024-04-25	Active
7	116	2024-04-25	Active
8	117	2024-05-01	Active
9	114	2024-05-02	Active
10	118	2024-05-02	Active
11	120	2024-05-17	Active
\.


--
-- Data for Name: user_followedprograms_program; Type: TABLE DATA; Schema: public; Owner: postgres
--

COPY public.user_followedprograms_program (id, followedprograms_id, fitnessprogram_id) FROM stdin;
30	8	25
32	7	25
33	7	24
34	6	25
35	6	22
37	8	22
38	8	24
39	7	26
40	6	26
41	9	26
42	9	24
46	8	27
48	8	26
49	7	31
53	8	30
54	6	35
55	11	32
56	11	24
58	11	35
59	7	32
60	6	32
61	6	24
\.


--
-- Data for Name: user_profile; Type: TABLE DATA; Schema: public; Owner: postgres
--

COPY public.user_profile (id, height, weight, age, body_fat, phone, user_id, online_user_ids) FROM stdin;
1	\N	\N	\N	\N	\N	13	[]
104	\N	\N	\N	\N	\N	117	[{"sender_id": 109}, {"sender_id": 27}]
105	175	80	65	30	9876543210	118	[]
101	\N	\N	\N	\N	\N	114	[{"sender_id": 27}]
102	172	85	40	28	4578963214	115	[{"sender_id": 109}]
99	123	55	49	30	6546546465	112	[]
96	174	104	51	24	06282997737	109	[{"sender_id": 116}]
97	\N	\N	\N	\N	\N	110	[]
103	170	88	150	45	7895641230	116	[]
98	\N	\N	\N	\N	\N	111	[]
52	\N	\N	\N	\N	\N	65	[]
55	\N	\N	\N	\N	\N	68	[]
100	\N	\N	\N	\N	\N	113	[]
107	\N	\N	\N	\N	\N	120	[]
14	122	104	25	20	6589745213	27	[{"sender_id": 116}, {"sender_id": 115}]
\.


--
-- Data for Name: user_useraccount; Type: TABLE DATA; Schema: public; Owner: postgres
--

COPY public.user_useraccount (id, password, last_login, is_superuser, first_name, last_name, email, is_active, is_staff, profile_picture, created_at, is_verified, updated_at, is_trainer, logged_in, blocked) FROM stdin;
112	pbkdf2_sha256$720000$gZyppCfxeGciUikWuuxZns$13Cz9D/ulluTDi1CE1iCzpTL5Ul4cHo0u363PO8Zuz0=	\N	f	Vishnu	M	vyshnav.m345@gmail.com	t	f		2024-04-17 15:17:08.123328+05:30	t	2024-05-16 20:28:06.142718+05:30	t	f	f
114	pbkdf2_sha256$720000$VunoU604TGkHyBQPlX7BYh$AZvaTYV4owaMVi//c6qwZZ62eGyDESjfxc5o6C53B3k=	\N	f	Arya	b	arya@sample.com	t	f	profile/images/before-after-body-building-fitness-transformation-12-5912f8de86e99__700.jpg	2024-04-23 09:36:55.944098+05:30	t	2024-05-16 17:50:10.868413+05:30	f	f	f
118	pbkdf2_sha256$720000$qX3hc1zFDI7k7iewGP8ov1$X6Vd9Yc4f+v4fKA7G2BQ8jCxJgFH/zpNmGP5E31x488=	\N	f	Bilal	Jhon	bilal@sample.com	t	f	profile/images/unnamed.jpg	2024-05-02 13:06:59.873826+05:30	t	2024-05-16 20:11:17.786061+05:30	f	f	f
27	pbkdf2_sha256$720000$4g5YXr1Y8MDbTEMAo88Ccd$zX//9WWlQuoCYhOPWFJYeTklUqguKv2A8YSPFS9sPFg=	\N	f	barbie	b	barbie@gmail.com	t	f	profile/images/yoga-day_21687313273076.jpg	2024-04-05 17:28:24.282007+05:30	t	2024-05-28 09:58:55.962464+05:30	t	f	f
116	pbkdf2_sha256$720000$g4psa5Zmb5tm2pAldYnaqF$jkzPkCXNFqSb1I9YUIntGDk9yICYSfyfs/a2FWGRT/A=	\N	f	Sagar Alias	Jacky	sagaraliasjacky@sample.com	t	f	profile/images/sagar.jpg	2024-04-25 18:54:56.94854+05:30	t	2024-05-18 12:09:23.121237+05:30	f	f	f
110	dragonrider	\N	f	Kris	Gethin	kris@sample.com	t	f	profile/images/kris-gethin-8-week-hardcore-trainer-coach-500.png	2024-04-11 10:36:15.864623+05:30	t	2024-04-11 10:36:15.864623+05:30	f	f	f
115	pbkdf2_sha256$720000$l9SQ9l1a0Hbq1NSfVL2ZgX$F8X0XMnXngMRCeGalLqG2JyS9Uk2u78MTwWKyEbwBrg=	\N	f	David	Billa	david@sample.com	t	f	profile/images/billa_5qeMr4d.jpg	2024-04-25 18:46:37.299259+05:30	t	2024-05-28 09:57:24.563901+05:30	f	f	f
65	pbkdf2_sha256$720000$yKe5jlZJlGTJ4qMUJ9hkDP$89xb3w1rZLn9dOILpDHmMchVMDjtiQtI3EblzfW+XUM=	\N	f	gopika	bk	gopikabk1312@gmail.com	t	f		2024-04-05 17:28:24.282007+05:30	f	2024-04-05 17:28:24.335614+05:30	f	f	f
68	pbkdf2_sha256$720000$w8fpryuZ068o6d4Voflvao$9nNSeD7DNhzJsFK4wBcG3Bet2MzCCPTdhNHcVOQwt+E=	\N	f	nischal	k shaj	nischalkshaj9@gmail.com	t	f		2024-04-06 09:45:17.95196+05:30	f	2024-04-06 09:45:17.95196+05:30	f	f	f
13	pbkdf2_sha256$720000$06R6nOLs7tyy3GxTXnxv0M$lhFO9SFLELzFLsU2LMpR0yjYKhuOSnKzhcpmKeurRyM=	2024-05-15 10:36:24+05:30	t	vishnu	m	admin@sample.com	t	t		2024-04-05 17:28:24.282007+05:30	t	2024-05-21 09:20:21.260039+05:30	f	f	f
111	pbkdf2_sha256$720000$cZyra4GluZEbnQQQyWH166$rwYKWdzTPXn+MSorZJO97y9qlB8x+gDRIb7ggpwmzhI=	\N	f	archana	k	archana@sample.com	t	f		2024-04-17 14:38:49.775107+05:30	f	2024-04-17 14:38:49.775107+05:30	f	f	f
113	pbkdf2_sha256$720000$BjkPgelfKMIbJAEPPt8xp8$0zTKPSkfeVi7hjKXMOTKDhPAYcOAzYvT9s39koMnjJo=	\N	f	maddy	m	maddy@sample.com	t	f		2024-04-22 10:58:07.611526+05:30	f	2024-04-22 10:58:07.611526+05:30	f	f	f
109	pbkdf2_sha256$720000$nDeasI3k0VcEIndd15yWit$L3vyWtfHWi467vEeHEqInMJPl9Vr0J3BJJbG39eB1EU=	\N	f	Kris	Gethin	vishnumpydev345@gmail.com	t	f	profile/images/kris-gethin-coach-square-headshot-1200x1200-200x200.jpg	2024-04-10 15:07:56.204847+05:30	t	2024-05-18 12:07:48.109064+05:30	t	f	f
120	pbkdf2_sha256$720000$DJB6cj6Yk7iAG3UToqSKTc$mJryGfWMSaB765sHjw/R/MErznBNadekvC+7aHi6kw8=	\N	f	Nischal	K Shaj	test@gmail.com	t	f		2024-05-17 17:37:12.798896+05:30	t	2024-05-18 10:18:46.065335+05:30	t	f	f
117	pbkdf2_sha256$720000$OSeV6TJvbbs1LTJVQTlNdB$ilH9WWpuhgA74kDgU6Nbrxspo09zNMJ9m0v2T8+JXw4=	\N	f	ashique	a	ashique@sample.com	t	f	profile/images/2b937fdeedb713f4d7869e6ff25a78f2_gQQ6hhS.jpg	2024-05-01 10:32:46.210329+05:30	t	2024-05-18 10:19:53.883755+05:30	f	f	t
\.


--
-- Data for Name: user_useraccount_groups; Type: TABLE DATA; Schema: public; Owner: postgres
--

COPY public.user_useraccount_groups (id, useraccount_id, group_id) FROM stdin;
\.


--
-- Data for Name: user_useraccount_user_permissions; Type: TABLE DATA; Schema: public; Owner: postgres
--

COPY public.user_useraccount_user_permissions (id, useraccount_id, permission_id) FROM stdin;
\.


--
-- Name: auth_group_id_seq; Type: SEQUENCE SET; Schema: public; Owner: postgres
--

SELECT pg_catalog.setval('public.auth_group_id_seq', 1, false);


--
-- Name: auth_group_permissions_id_seq; Type: SEQUENCE SET; Schema: public; Owner: postgres
--

SELECT pg_catalog.setval('public.auth_group_permissions_id_seq', 1, false);


--
-- Name: auth_permission_id_seq; Type: SEQUENCE SET; Schema: public; Owner: postgres
--

SELECT pg_catalog.setval('public.auth_permission_id_seq', 64, true);


--
-- Name: chat_chatmessage_id_seq; Type: SEQUENCE SET; Schema: public; Owner: postgres
--

SELECT pg_catalog.setval('public.chat_chatmessage_id_seq', 730, true);


--
-- Name: chat_notification_id_seq; Type: SEQUENCE SET; Schema: public; Owner: postgres
--

SELECT pg_catalog.setval('public.chat_notification_id_seq', 199, true);


--
-- Name: django_admin_log_id_seq; Type: SEQUENCE SET; Schema: public; Owner: postgres
--

SELECT pg_catalog.setval('public.django_admin_log_id_seq', 270, true);


--
-- Name: django_content_type_id_seq; Type: SEQUENCE SET; Schema: public; Owner: postgres
--

SELECT pg_catalog.setval('public.django_content_type_id_seq', 16, true);


--
-- Name: django_migrations_id_seq; Type: SEQUENCE SET; Schema: public; Owner: postgres
--

SELECT pg_catalog.setval('public.django_migrations_id_seq', 52, true);


--
-- Name: fitness_program_fitnessprogram_id_seq; Type: SEQUENCE SET; Schema: public; Owner: postgres
--

SELECT pg_catalog.setval('public.fitness_program_fitnessprogram_id_seq', 36, true);


--
-- Name: fitness_program_lesson_id_seq; Type: SEQUENCE SET; Schema: public; Owner: postgres
--

SELECT pg_catalog.setval('public.fitness_program_lesson_id_seq', 72, true);


--
-- Name: fitness_program_progress_id_seq; Type: SEQUENCE SET; Schema: public; Owner: postgres
--

SELECT pg_catalog.setval('public.fitness_program_progress_id_seq', 2, true);


--
-- Name: fitness_program_publishrequest_id_seq; Type: SEQUENCE SET; Schema: public; Owner: postgres
--

SELECT pg_catalog.setval('public.fitness_program_publishrequest_id_seq', 1, false);


--
-- Name: trainer_trainer_profile_id_seq; Type: SEQUENCE SET; Schema: public; Owner: postgres
--

SELECT pg_catalog.setval('public.trainer_trainer_profile_id_seq', 19, true);


--
-- Name: user_followedprograms_id_seq; Type: SEQUENCE SET; Schema: public; Owner: postgres
--

SELECT pg_catalog.setval('public.user_followedprograms_id_seq', 12, true);


--
-- Name: user_followedprograms_program_id_seq; Type: SEQUENCE SET; Schema: public; Owner: postgres
--

SELECT pg_catalog.setval('public.user_followedprograms_program_id_seq', 61, true);


--
-- Name: user_profile_id_seq; Type: SEQUENCE SET; Schema: public; Owner: postgres
--

SELECT pg_catalog.setval('public.user_profile_id_seq', 120, true);


--
-- Name: user_useraccount_groups_id_seq; Type: SEQUENCE SET; Schema: public; Owner: postgres
--

SELECT pg_catalog.setval('public.user_useraccount_groups_id_seq', 1, false);


--
-- Name: user_useraccount_id_seq; Type: SEQUENCE SET; Schema: public; Owner: postgres
--

SELECT pg_catalog.setval('public.user_useraccount_id_seq', 133, true);


--
-- Name: user_useraccount_user_permissions_id_seq; Type: SEQUENCE SET; Schema: public; Owner: postgres
--

SELECT pg_catalog.setval('public.user_useraccount_user_permissions_id_seq', 1, false);


--
-- Name: auth_group auth_group_name_key; Type: CONSTRAINT; Schema: public; Owner: postgres
--

ALTER TABLE ONLY public.auth_group
    ADD CONSTRAINT auth_group_name_key UNIQUE (name);


--
-- Name: auth_group_permissions auth_group_permissions_group_id_permission_id_0cd325b0_uniq; Type: CONSTRAINT; Schema: public; Owner: postgres
--

ALTER TABLE ONLY public.auth_group_permissions
    ADD CONSTRAINT auth_group_permissions_group_id_permission_id_0cd325b0_uniq UNIQUE (group_id, permission_id);


--
-- Name: auth_group_permissions auth_group_permissions_pkey; Type: CONSTRAINT; Schema: public; Owner: postgres
--

ALTER TABLE ONLY public.auth_group_permissions
    ADD CONSTRAINT auth_group_permissions_pkey PRIMARY KEY (id);


--
-- Name: auth_group auth_group_pkey; Type: CONSTRAINT; Schema: public; Owner: postgres
--

ALTER TABLE ONLY public.auth_group
    ADD CONSTRAINT auth_group_pkey PRIMARY KEY (id);


--
-- Name: auth_permission auth_permission_content_type_id_codename_01ab375a_uniq; Type: CONSTRAINT; Schema: public; Owner: postgres
--

ALTER TABLE ONLY public.auth_permission
    ADD CONSTRAINT auth_permission_content_type_id_codename_01ab375a_uniq UNIQUE (content_type_id, codename);


--
-- Name: auth_permission auth_permission_pkey; Type: CONSTRAINT; Schema: public; Owner: postgres
--

ALTER TABLE ONLY public.auth_permission
    ADD CONSTRAINT auth_permission_pkey PRIMARY KEY (id);


--
-- Name: chat_chatmessage chat_chatmessage_pkey; Type: CONSTRAINT; Schema: public; Owner: postgres
--

ALTER TABLE ONLY public.chat_chatmessage
    ADD CONSTRAINT chat_chatmessage_pkey PRIMARY KEY (id);


--
-- Name: chat_notification chat_notification_pkey; Type: CONSTRAINT; Schema: public; Owner: postgres
--

ALTER TABLE ONLY public.chat_notification
    ADD CONSTRAINT chat_notification_pkey PRIMARY KEY (id);


--
-- Name: django_admin_log django_admin_log_pkey; Type: CONSTRAINT; Schema: public; Owner: postgres
--

ALTER TABLE ONLY public.django_admin_log
    ADD CONSTRAINT django_admin_log_pkey PRIMARY KEY (id);


--
-- Name: django_content_type django_content_type_app_label_model_76bd3d3b_uniq; Type: CONSTRAINT; Schema: public; Owner: postgres
--

ALTER TABLE ONLY public.django_content_type
    ADD CONSTRAINT django_content_type_app_label_model_76bd3d3b_uniq UNIQUE (app_label, model);


--
-- Name: django_content_type django_content_type_pkey; Type: CONSTRAINT; Schema: public; Owner: postgres
--

ALTER TABLE ONLY public.django_content_type
    ADD CONSTRAINT django_content_type_pkey PRIMARY KEY (id);


--
-- Name: django_migrations django_migrations_pkey; Type: CONSTRAINT; Schema: public; Owner: postgres
--

ALTER TABLE ONLY public.django_migrations
    ADD CONSTRAINT django_migrations_pkey PRIMARY KEY (id);


--
-- Name: django_session django_session_pkey; Type: CONSTRAINT; Schema: public; Owner: postgres
--

ALTER TABLE ONLY public.django_session
    ADD CONSTRAINT django_session_pkey PRIMARY KEY (session_key);


--
-- Name: fitness_program_fitnessprogram fitness_program_fitnessprogram_pkey; Type: CONSTRAINT; Schema: public; Owner: postgres
--

ALTER TABLE ONLY public.fitness_program_fitnessprogram
    ADD CONSTRAINT fitness_program_fitnessprogram_pkey PRIMARY KEY (id);


--
-- Name: fitness_program_lesson fitness_program_lesson_lesson_number_key; Type: CONSTRAINT; Schema: public; Owner: postgres
--

ALTER TABLE ONLY public.fitness_program_lesson
    ADD CONSTRAINT fitness_program_lesson_lesson_number_key UNIQUE (lesson_number);


--
-- Name: fitness_program_lesson fitness_program_lesson_pkey; Type: CONSTRAINT; Schema: public; Owner: postgres
--

ALTER TABLE ONLY public.fitness_program_lesson
    ADD CONSTRAINT fitness_program_lesson_pkey PRIMARY KEY (id);


--
-- Name: fitness_program_progress fitness_program_progress_pkey; Type: CONSTRAINT; Schema: public; Owner: postgres
--

ALTER TABLE ONLY public.fitness_program_progress
    ADD CONSTRAINT fitness_program_progress_pkey PRIMARY KEY (id);


--
-- Name: fitness_program_publishrequest fitness_program_publishrequest_pkey; Type: CONSTRAINT; Schema: public; Owner: postgres
--

ALTER TABLE ONLY public.fitness_program_publishrequest
    ADD CONSTRAINT fitness_program_publishrequest_pkey PRIMARY KEY (id);


--
-- Name: trainer_trainer_profile trainer_trainer_profile_pkey; Type: CONSTRAINT; Schema: public; Owner: postgres
--

ALTER TABLE ONLY public.trainer_trainer_profile
    ADD CONSTRAINT trainer_trainer_profile_pkey PRIMARY KEY (id);


--
-- Name: trainer_trainer_profile trainer_trainer_profile_user_id_key; Type: CONSTRAINT; Schema: public; Owner: postgres
--

ALTER TABLE ONLY public.trainer_trainer_profile
    ADD CONSTRAINT trainer_trainer_profile_user_id_key UNIQUE (user_id);


--
-- Name: user_followedprograms user_followedprograms_pkey; Type: CONSTRAINT; Schema: public; Owner: postgres
--

ALTER TABLE ONLY public.user_followedprograms
    ADD CONSTRAINT user_followedprograms_pkey PRIMARY KEY (id);


--
-- Name: user_followedprograms_program user_followedprograms_pr_followedprograms_id_fitn_0b3a5720_uniq; Type: CONSTRAINT; Schema: public; Owner: postgres
--

ALTER TABLE ONLY public.user_followedprograms_program
    ADD CONSTRAINT user_followedprograms_pr_followedprograms_id_fitn_0b3a5720_uniq UNIQUE (followedprograms_id, fitnessprogram_id);


--
-- Name: user_followedprograms_program user_followedprograms_program_pkey; Type: CONSTRAINT; Schema: public; Owner: postgres
--

ALTER TABLE ONLY public.user_followedprograms_program
    ADD CONSTRAINT user_followedprograms_program_pkey PRIMARY KEY (id);


--
-- Name: user_profile user_profile_pkey; Type: CONSTRAINT; Schema: public; Owner: postgres
--

ALTER TABLE ONLY public.user_profile
    ADD CONSTRAINT user_profile_pkey PRIMARY KEY (id);


--
-- Name: user_profile user_profile_user_id_key; Type: CONSTRAINT; Schema: public; Owner: postgres
--

ALTER TABLE ONLY public.user_profile
    ADD CONSTRAINT user_profile_user_id_key UNIQUE (user_id);


--
-- Name: user_useraccount user_useraccount_email_key; Type: CONSTRAINT; Schema: public; Owner: postgres
--

ALTER TABLE ONLY public.user_useraccount
    ADD CONSTRAINT user_useraccount_email_key UNIQUE (email);


--
-- Name: user_useraccount_groups user_useraccount_groups_pkey; Type: CONSTRAINT; Schema: public; Owner: postgres
--

ALTER TABLE ONLY public.user_useraccount_groups
    ADD CONSTRAINT user_useraccount_groups_pkey PRIMARY KEY (id);


--
-- Name: user_useraccount_groups user_useraccount_groups_useraccount_id_group_id_ba2d9637_uniq; Type: CONSTRAINT; Schema: public; Owner: postgres
--

ALTER TABLE ONLY public.user_useraccount_groups
    ADD CONSTRAINT user_useraccount_groups_useraccount_id_group_id_ba2d9637_uniq UNIQUE (useraccount_id, group_id);


--
-- Name: user_useraccount user_useraccount_pkey; Type: CONSTRAINT; Schema: public; Owner: postgres
--

ALTER TABLE ONLY public.user_useraccount
    ADD CONSTRAINT user_useraccount_pkey PRIMARY KEY (id);


--
-- Name: user_useraccount_user_permissions user_useraccount_user_pe_useraccount_id_permissio_ba82c04f_uniq; Type: CONSTRAINT; Schema: public; Owner: postgres
--

ALTER TABLE ONLY public.user_useraccount_user_permissions
    ADD CONSTRAINT user_useraccount_user_pe_useraccount_id_permissio_ba82c04f_uniq UNIQUE (useraccount_id, permission_id);


--
-- Name: user_useraccount_user_permissions user_useraccount_user_permissions_pkey; Type: CONSTRAINT; Schema: public; Owner: postgres
--

ALTER TABLE ONLY public.user_useraccount_user_permissions
    ADD CONSTRAINT user_useraccount_user_permissions_pkey PRIMARY KEY (id);


--
-- Name: auth_group_name_a6ea08ec_like; Type: INDEX; Schema: public; Owner: postgres
--

CREATE INDEX auth_group_name_a6ea08ec_like ON public.auth_group USING btree (name varchar_pattern_ops);


--
-- Name: auth_group_permissions_group_id_b120cbf9; Type: INDEX; Schema: public; Owner: postgres
--

CREATE INDEX auth_group_permissions_group_id_b120cbf9 ON public.auth_group_permissions USING btree (group_id);


--
-- Name: auth_group_permissions_permission_id_84c5c92e; Type: INDEX; Schema: public; Owner: postgres
--

CREATE INDEX auth_group_permissions_permission_id_84c5c92e ON public.auth_group_permissions USING btree (permission_id);


--
-- Name: auth_permission_content_type_id_2f476e4b; Type: INDEX; Schema: public; Owner: postgres
--

CREATE INDEX auth_permission_content_type_id_2f476e4b ON public.auth_permission USING btree (content_type_id);


--
-- Name: chat_chatmessage_sender_id_80753f2b; Type: INDEX; Schema: public; Owner: postgres
--

CREATE INDEX chat_chatmessage_sender_id_80753f2b ON public.chat_chatmessage USING btree (sender_id);


--
-- Name: chat_notification_recipient_id_9a1b369b; Type: INDEX; Schema: public; Owner: postgres
--

CREATE INDEX chat_notification_recipient_id_9a1b369b ON public.chat_notification USING btree (recipient_id);


--
-- Name: chat_notification_sender_id_f9d5a6c6; Type: INDEX; Schema: public; Owner: postgres
--

CREATE INDEX chat_notification_sender_id_f9d5a6c6 ON public.chat_notification USING btree (sender_id);


--
-- Name: django_admin_log_content_type_id_c4bce8eb; Type: INDEX; Schema: public; Owner: postgres
--

CREATE INDEX django_admin_log_content_type_id_c4bce8eb ON public.django_admin_log USING btree (content_type_id);


--
-- Name: django_admin_log_user_id_c564eba6; Type: INDEX; Schema: public; Owner: postgres
--

CREATE INDEX django_admin_log_user_id_c564eba6 ON public.django_admin_log USING btree (user_id);


--
-- Name: django_session_expire_date_a5c62663; Type: INDEX; Schema: public; Owner: postgres
--

CREATE INDEX django_session_expire_date_a5c62663 ON public.django_session USING btree (expire_date);


--
-- Name: django_session_session_key_c0390e0f_like; Type: INDEX; Schema: public; Owner: postgres
--

CREATE INDEX django_session_session_key_c0390e0f_like ON public.django_session USING btree (session_key varchar_pattern_ops);


--
-- Name: fitness_program_fitnessprogram_trainer_id_7c1b2789; Type: INDEX; Schema: public; Owner: postgres
--

CREATE INDEX fitness_program_fitnessprogram_trainer_id_7c1b2789 ON public.fitness_program_fitnessprogram USING btree (trainer_id);


--
-- Name: fitness_program_lesson_program_id_cb3c64b0; Type: INDEX; Schema: public; Owner: postgres
--

CREATE INDEX fitness_program_lesson_program_id_cb3c64b0 ON public.fitness_program_lesson USING btree (program_id);


--
-- Name: fitness_program_progress_current_lesson_id_fa0b9439; Type: INDEX; Schema: public; Owner: postgres
--

CREATE INDEX fitness_program_progress_current_lesson_id_fa0b9439 ON public.fitness_program_progress USING btree (current_lesson_id);


--
-- Name: fitness_program_progress_program_id_f1c8bd42; Type: INDEX; Schema: public; Owner: postgres
--

CREATE INDEX fitness_program_progress_program_id_f1c8bd42 ON public.fitness_program_progress USING btree (program_id);


--
-- Name: fitness_program_progress_user_id_96afa499; Type: INDEX; Schema: public; Owner: postgres
--

CREATE INDEX fitness_program_progress_user_id_96afa499 ON public.fitness_program_progress USING btree (user_id);


--
-- Name: fitness_program_publishrequest_sender_id_060f0a45; Type: INDEX; Schema: public; Owner: postgres
--

CREATE INDEX fitness_program_publishrequest_sender_id_060f0a45 ON public.fitness_program_publishrequest USING btree (sender_id);


--
-- Name: user_followedprograms_program_fitnessprogram_id_9519105c; Type: INDEX; Schema: public; Owner: postgres
--

CREATE INDEX user_followedprograms_program_fitnessprogram_id_9519105c ON public.user_followedprograms_program USING btree (fitnessprogram_id);


--
-- Name: user_followedprograms_program_followedprograms_id_9ac1d110; Type: INDEX; Schema: public; Owner: postgres
--

CREATE INDEX user_followedprograms_program_followedprograms_id_9ac1d110 ON public.user_followedprograms_program USING btree (followedprograms_id);


--
-- Name: user_followedprograms_user_id_f5b962e3; Type: INDEX; Schema: public; Owner: postgres
--

CREATE INDEX user_followedprograms_user_id_f5b962e3 ON public.user_followedprograms USING btree (user_id);


--
-- Name: user_useraccount_email_15943a3f_like; Type: INDEX; Schema: public; Owner: postgres
--

CREATE INDEX user_useraccount_email_15943a3f_like ON public.user_useraccount USING btree (email varchar_pattern_ops);


--
-- Name: user_useraccount_groups_group_id_4ce6c571; Type: INDEX; Schema: public; Owner: postgres
--

CREATE INDEX user_useraccount_groups_group_id_4ce6c571 ON public.user_useraccount_groups USING btree (group_id);


--
-- Name: user_useraccount_groups_useraccount_id_9784fa3e; Type: INDEX; Schema: public; Owner: postgres
--

CREATE INDEX user_useraccount_groups_useraccount_id_9784fa3e ON public.user_useraccount_groups USING btree (useraccount_id);


--
-- Name: user_useraccount_user_permissions_permission_id_24370196; Type: INDEX; Schema: public; Owner: postgres
--

CREATE INDEX user_useraccount_user_permissions_permission_id_24370196 ON public.user_useraccount_user_permissions USING btree (permission_id);


--
-- Name: user_useraccount_user_permissions_useraccount_id_8f039e10; Type: INDEX; Schema: public; Owner: postgres
--

CREATE INDEX user_useraccount_user_permissions_useraccount_id_8f039e10 ON public.user_useraccount_user_permissions USING btree (useraccount_id);


--
-- Name: auth_group_permissions auth_group_permissio_permission_id_84c5c92e_fk_auth_perm; Type: FK CONSTRAINT; Schema: public; Owner: postgres
--

ALTER TABLE ONLY public.auth_group_permissions
    ADD CONSTRAINT auth_group_permissio_permission_id_84c5c92e_fk_auth_perm FOREIGN KEY (permission_id) REFERENCES public.auth_permission(id) DEFERRABLE INITIALLY DEFERRED;


--
-- Name: auth_group_permissions auth_group_permissions_group_id_b120cbf9_fk_auth_group_id; Type: FK CONSTRAINT; Schema: public; Owner: postgres
--

ALTER TABLE ONLY public.auth_group_permissions
    ADD CONSTRAINT auth_group_permissions_group_id_b120cbf9_fk_auth_group_id FOREIGN KEY (group_id) REFERENCES public.auth_group(id) DEFERRABLE INITIALLY DEFERRED;


--
-- Name: auth_permission auth_permission_content_type_id_2f476e4b_fk_django_co; Type: FK CONSTRAINT; Schema: public; Owner: postgres
--

ALTER TABLE ONLY public.auth_permission
    ADD CONSTRAINT auth_permission_content_type_id_2f476e4b_fk_django_co FOREIGN KEY (content_type_id) REFERENCES public.django_content_type(id) DEFERRABLE INITIALLY DEFERRED;


--
-- Name: chat_chatmessage chat_chatmessage_sender_id_80753f2b_fk_user_useraccount_id; Type: FK CONSTRAINT; Schema: public; Owner: postgres
--

ALTER TABLE ONLY public.chat_chatmessage
    ADD CONSTRAINT chat_chatmessage_sender_id_80753f2b_fk_user_useraccount_id FOREIGN KEY (sender_id) REFERENCES public.user_useraccount(id) DEFERRABLE INITIALLY DEFERRED;


--
-- Name: chat_notification chat_notification_recipient_id_9a1b369b_fk_user_useraccount_id; Type: FK CONSTRAINT; Schema: public; Owner: postgres
--

ALTER TABLE ONLY public.chat_notification
    ADD CONSTRAINT chat_notification_recipient_id_9a1b369b_fk_user_useraccount_id FOREIGN KEY (recipient_id) REFERENCES public.user_useraccount(id) DEFERRABLE INITIALLY DEFERRED;


--
-- Name: chat_notification chat_notification_sender_id_f9d5a6c6_fk_user_useraccount_id; Type: FK CONSTRAINT; Schema: public; Owner: postgres
--

ALTER TABLE ONLY public.chat_notification
    ADD CONSTRAINT chat_notification_sender_id_f9d5a6c6_fk_user_useraccount_id FOREIGN KEY (sender_id) REFERENCES public.user_useraccount(id) DEFERRABLE INITIALLY DEFERRED;


--
-- Name: django_admin_log django_admin_log_content_type_id_c4bce8eb_fk_django_co; Type: FK CONSTRAINT; Schema: public; Owner: postgres
--

ALTER TABLE ONLY public.django_admin_log
    ADD CONSTRAINT django_admin_log_content_type_id_c4bce8eb_fk_django_co FOREIGN KEY (content_type_id) REFERENCES public.django_content_type(id) DEFERRABLE INITIALLY DEFERRED;


--
-- Name: django_admin_log django_admin_log_user_id_c564eba6_fk_user_useraccount_id; Type: FK CONSTRAINT; Schema: public; Owner: postgres
--

ALTER TABLE ONLY public.django_admin_log
    ADD CONSTRAINT django_admin_log_user_id_c564eba6_fk_user_useraccount_id FOREIGN KEY (user_id) REFERENCES public.user_useraccount(id) DEFERRABLE INITIALLY DEFERRED;


--
-- Name: fitness_program_fitnessprogram fitness_program_fitn_trainer_id_7c1b2789_fk_trainer_t; Type: FK CONSTRAINT; Schema: public; Owner: postgres
--

ALTER TABLE ONLY public.fitness_program_fitnessprogram
    ADD CONSTRAINT fitness_program_fitn_trainer_id_7c1b2789_fk_trainer_t FOREIGN KEY (trainer_id) REFERENCES public.trainer_trainer_profile(id) DEFERRABLE INITIALLY DEFERRED;


--
-- Name: fitness_program_lesson fitness_program_less_program_id_cb3c64b0_fk_fitness_p; Type: FK CONSTRAINT; Schema: public; Owner: postgres
--

ALTER TABLE ONLY public.fitness_program_lesson
    ADD CONSTRAINT fitness_program_less_program_id_cb3c64b0_fk_fitness_p FOREIGN KEY (program_id) REFERENCES public.fitness_program_fitnessprogram(id) DEFERRABLE INITIALLY DEFERRED;


--
-- Name: fitness_program_progress fitness_program_prog_current_lesson_id_fa0b9439_fk_fitness_p; Type: FK CONSTRAINT; Schema: public; Owner: postgres
--

ALTER TABLE ONLY public.fitness_program_progress
    ADD CONSTRAINT fitness_program_prog_current_lesson_id_fa0b9439_fk_fitness_p FOREIGN KEY (current_lesson_id) REFERENCES public.fitness_program_lesson(id) DEFERRABLE INITIALLY DEFERRED;


--
-- Name: fitness_program_progress fitness_program_prog_program_id_f1c8bd42_fk_fitness_p; Type: FK CONSTRAINT; Schema: public; Owner: postgres
--

ALTER TABLE ONLY public.fitness_program_progress
    ADD CONSTRAINT fitness_program_prog_program_id_f1c8bd42_fk_fitness_p FOREIGN KEY (program_id) REFERENCES public.fitness_program_fitnessprogram(id) DEFERRABLE INITIALLY DEFERRED;


--
-- Name: fitness_program_progress fitness_program_prog_user_id_96afa499_fk_user_user; Type: FK CONSTRAINT; Schema: public; Owner: postgres
--

ALTER TABLE ONLY public.fitness_program_progress
    ADD CONSTRAINT fitness_program_prog_user_id_96afa499_fk_user_user FOREIGN KEY (user_id) REFERENCES public.user_useraccount(id) DEFERRABLE INITIALLY DEFERRED;


--
-- Name: fitness_program_publishrequest fitness_program_publ_sender_id_060f0a45_fk_user_user; Type: FK CONSTRAINT; Schema: public; Owner: postgres
--

ALTER TABLE ONLY public.fitness_program_publishrequest
    ADD CONSTRAINT fitness_program_publ_sender_id_060f0a45_fk_user_user FOREIGN KEY (sender_id) REFERENCES public.user_useraccount(id) DEFERRABLE INITIALLY DEFERRED;


--
-- Name: trainer_trainer_profile trainer_trainer_profile_user_id_ce9a5276_fk_user_useraccount_id; Type: FK CONSTRAINT; Schema: public; Owner: postgres
--

ALTER TABLE ONLY public.trainer_trainer_profile
    ADD CONSTRAINT trainer_trainer_profile_user_id_ce9a5276_fk_user_useraccount_id FOREIGN KEY (user_id) REFERENCES public.user_useraccount(id) DEFERRABLE INITIALLY DEFERRED;


--
-- Name: user_followedprograms_program user_followedprogram_fitnessprogram_id_9519105c_fk_fitness_p; Type: FK CONSTRAINT; Schema: public; Owner: postgres
--

ALTER TABLE ONLY public.user_followedprograms_program
    ADD CONSTRAINT user_followedprogram_fitnessprogram_id_9519105c_fk_fitness_p FOREIGN KEY (fitnessprogram_id) REFERENCES public.fitness_program_fitnessprogram(id) DEFERRABLE INITIALLY DEFERRED;


--
-- Name: user_followedprograms_program user_followedprogram_followedprograms_id_9ac1d110_fk_user_foll; Type: FK CONSTRAINT; Schema: public; Owner: postgres
--

ALTER TABLE ONLY public.user_followedprograms_program
    ADD CONSTRAINT user_followedprogram_followedprograms_id_9ac1d110_fk_user_foll FOREIGN KEY (followedprograms_id) REFERENCES public.user_followedprograms(id) DEFERRABLE INITIALLY DEFERRED;


--
-- Name: user_followedprograms user_followedprograms_user_id_f5b962e3_fk_user_useraccount_id; Type: FK CONSTRAINT; Schema: public; Owner: postgres
--

ALTER TABLE ONLY public.user_followedprograms
    ADD CONSTRAINT user_followedprograms_user_id_f5b962e3_fk_user_useraccount_id FOREIGN KEY (user_id) REFERENCES public.user_useraccount(id) DEFERRABLE INITIALLY DEFERRED;


--
-- Name: user_profile user_profile_user_id_8fdce8e2_fk_user_useraccount_id; Type: FK CONSTRAINT; Schema: public; Owner: postgres
--

ALTER TABLE ONLY public.user_profile
    ADD CONSTRAINT user_profile_user_id_8fdce8e2_fk_user_useraccount_id FOREIGN KEY (user_id) REFERENCES public.user_useraccount(id) DEFERRABLE INITIALLY DEFERRED;


--
-- Name: user_useraccount_groups user_useraccount_gro_useraccount_id_9784fa3e_fk_user_user; Type: FK CONSTRAINT; Schema: public; Owner: postgres
--

ALTER TABLE ONLY public.user_useraccount_groups
    ADD CONSTRAINT user_useraccount_gro_useraccount_id_9784fa3e_fk_user_user FOREIGN KEY (useraccount_id) REFERENCES public.user_useraccount(id) DEFERRABLE INITIALLY DEFERRED;


--
-- Name: user_useraccount_groups user_useraccount_groups_group_id_4ce6c571_fk_auth_group_id; Type: FK CONSTRAINT; Schema: public; Owner: postgres
--

ALTER TABLE ONLY public.user_useraccount_groups
    ADD CONSTRAINT user_useraccount_groups_group_id_4ce6c571_fk_auth_group_id FOREIGN KEY (group_id) REFERENCES public.auth_group(id) DEFERRABLE INITIALLY DEFERRED;


--
-- Name: user_useraccount_user_permissions user_useraccount_use_permission_id_24370196_fk_auth_perm; Type: FK CONSTRAINT; Schema: public; Owner: postgres
--

ALTER TABLE ONLY public.user_useraccount_user_permissions
    ADD CONSTRAINT user_useraccount_use_permission_id_24370196_fk_auth_perm FOREIGN KEY (permission_id) REFERENCES public.auth_permission(id) DEFERRABLE INITIALLY DEFERRED;


--
-- Name: user_useraccount_user_permissions user_useraccount_use_useraccount_id_8f039e10_fk_user_user; Type: FK CONSTRAINT; Schema: public; Owner: postgres
--

ALTER TABLE ONLY public.user_useraccount_user_permissions
    ADD CONSTRAINT user_useraccount_use_useraccount_id_8f039e10_fk_user_user FOREIGN KEY (useraccount_id) REFERENCES public.user_useraccount(id) DEFERRABLE INITIALLY DEFERRED;


--
-- PostgreSQL database dump complete
--

